Parent,Node,Branch.length,Label,Confidence,Source,Geo_location,Host,Tissue_specimen_source,Collection_date,Year
integer,integer,numeric,character,numeric,character,character,character,character,date,numeric
143,143,0.0,Internal-705,NA,NA,NA,NA,NA,NA,NA
143,1091,0.0080003406,ERR2023922,NA,Raw reads,NA,0,0,NA,NA
143,397,0.002293202,Internal-2,NA,NA,NA,NA,NA,NA,NA
397,378,0.004295537,Internal-3,NA,NA,NA,NA,NA,NA,NA
378,1386,0.0010001766,Internal-4,NA,NA,NA,NA,NA,NA,NA
1386,357,0.0006915177,Internal-5,NA,NA,NA,NA,NA,NA,NA
357,1273,0.0036360918,Internal-6,NA,NA,NA,NA,NA,NA,NA
1273,1292,0.0006896755,Internal-7,NA,NA,NA,NA,NA,NA,NA
1292,1085,0.0038133253,Internal-8,NA,NA,NA,NA,NA,NA,NA
1085,386,0.0012631053,Internal-9,NA,NA,NA,NA,NA,NA,NA
386,138,0.0027026958,Internal-10,NA,NA,NA,NA,NA,NA,NA
138,270,0.0031920178,Internal-11,NA,NA,NA,NA,NA,NA,NA
270,1347,0.001846497,Internal-12,NA,NA,NA,NA,NA,NA,NA
1347,268,0.0030679023,Internal-13,NA,NA,NA,NA,NA,NA,NA
268,139,0.0010804927,Internal-14,NA,NA,NA,NA,NA,NA,NA
139,823,0.0031573478,Internal-15,NA,NA,NA,NA,NA,NA,NA
823,670,0.0021458816,Internal-16,NA,NA,NA,NA,NA,NA,NA
670,816,1e-06,Internal-17,NA,NA,NA,NA,NA,NA,NA
816,904,0.0,Internal-18,NA,NA,NA,NA,NA,NA,NA
904,1346,0.0,Internal-19,NA,NA,NA,NA,NA,NA,NA
1346,584,0.0,Internal-20,NA,NA,NA,NA,NA,NA,NA
584,487,0.0,SRR9285898,NA,Raw reads,USA,Homo sapiens,Human Foreskin fibroblast,2019-05,2019
584,569,0.0,SRR9285895,NA,Raw reads,USA,Homo sapiens,Human Foreskin fibroblast,2019-05,2019
1346,1250,0.0,SRR9285897,NA,Raw reads,USA,Homo sapiens,Human Foreskin fibroblast,2019-05,2019
904,1115,0.0,SRR9285899,NA,Raw reads,USA,Homo sapiens,Human Foreskin fibroblast,2019-05,2019
816,292,0.0,SRR9285896,NA,Raw reads,USA,Homo sapiens,Human Foreskin fibroblast,2019-05,2019
670,669,2.8888e-06,Internal-21,NA,NA,NA,NA,NA,NA,NA
669,500,0.0071661779,Internal-22,NA,NA,NA,NA,NA,NA,NA
500,824,1e-06,SRR9285894,NA,Raw reads,USA,Homo sapiens,Human Foreskin fibroblast,2019-05,2019
500,372,2.2384e-06,Internal-23,NA,NA,NA,NA,NA,NA,NA
372,780,1e-06,SRR9285893,NA,Raw reads,USA,Homo sapiens,Human Foreskin fibroblast,2019-05,2019
372,1252,1e-06,Internal-24,NA,NA,NA,NA,NA,NA,NA
1252,840,1.9815e-06,Internal-25,NA,NA,NA,NA,NA,NA,NA
840,497,1.16944e-05,Internal-26,NA,NA,NA,NA,NA,NA,NA
497,426,1e-06,SRR11053568,NA,Raw reads,NA,Homo sapiens,0,NA,NA
497,545,2.6023e-06,ERR3014415,NA,Raw reads,Israel,Homo sapiens,Amniotic fluid,NA,NA
840,687,1e-06,ERR2023927,NA,Raw reads,NA,0,0,NA,NA
1252,1276,0.0286595409,SRR9285901,NA,Raw reads,USA,Homo sapiens,Human Foreskin fibroblast,2019-05,2019
669,437,0.0064822376,ERR14114011,NA,Raw reads,NA,Homo sapiens,0,2000,2000
823,1403,0.0038745826,Internal-27,NA,NA,NA,NA,NA,NA,NA
1403,636,0.0020057635,Internal-28,NA,NA,NA,NA,NA,NA,NA
636,742,0.0034599021,Internal-29,NA,NA,NA,NA,NA,NA,NA
742,1227,0.00188077,SRR10583120,NA,Raw reads,NA,Homo sapiens,blood,2018,2018
742,1222,2.6284e-06,Internal-30,NA,NA,NA,NA,NA,NA,NA
1222,419,0.0061061499,Internal-31,NA,NA,NA,NA,NA,NA,NA
419,779,0.0062443442,ERR4288699,NA,Raw reads,Germany,Homo sapiens,plasma,NA,NA
419,353,0.0010059239,ERR4288698,NA,Raw reads,Germany,Homo sapiens,plasma,NA,NA
1222,810,0.0061013437,SRR9067741,NA,Raw reads,NA,Homo sapiens,new born child urine,2013,2013
636,243,0.0041338863,Internal-32,NA,NA,NA,NA,NA,NA,NA
243,1148,0.0030168033,Internal-33,NA,NA,NA,NA,NA,NA,NA
1148,491,0.0001348111,Internal-34,NA,NA,NA,NA,NA,NA,NA
491,1196,1.1527e-06,Internal-35,NA,NA,NA,NA,NA,NA,NA
1196,711,1e-06,SRR9285900,NA,Raw reads,USA,Homo sapiens,Human Foreskin fibroblast,2019-05,2019
1196,721,0.0001286661,ERR1279060,NA,Raw reads,NA,Homo sapiens,blood,1/1/2015,2015
491,748,0.0057025445,ERR1279058,NA,Raw reads,NA,Homo sapiens,blood,1/1/2015,2015
1148,135,0.0001147751,ERR1279061,NA,Raw reads,NA,Homo sapiens,blood,1/1/2015,2015
243,129,0.009200719,ERR3013935,NA,Raw reads,Italy,Homo sapiens,Amniotic fluid,NA,NA
1403,355,0.005871402,Internal-36,NA,NA,NA,NA,NA,NA,NA
355,1380,0.0014902074,ERR2023902,NA,Raw reads,NA,0,0,NA,NA
355,755,0.0011169884,ERR2023904,NA,Raw reads,NA,0,0,NA,NA
139,219,0.001376978,Internal-37,NA,NA,NA,NA,NA,NA,NA
219,319,0.0021191546,Internal-38,NA,NA,NA,NA,NA,NA,NA
319,348,0.0048939886,Internal-39,NA,NA,NA,NA,NA,NA,NA
348,133,0.0007501587,Internal-40,NA,NA,NA,NA,NA,NA,NA
133,454,0.0130327801,ERR1279024,NA,Raw reads,NA,Homo sapiens,blood,1/1/2015,2015
133,1046,0.0011213656,Internal-41,NA,NA,NA,NA,NA,NA,NA
1046,905,0.0098026363,SRR1049387,NA,Raw reads,NA,0,0,NA,NA
1046,337,0.0021257587,Internal-42,NA,NA,NA,NA,NA,NA,NA
337,829,0.0022972374,Internal-43,NA,NA,NA,NA,NA,NA,NA
829,625,0.0006143842,SRR1051419,NA,Raw reads,NA,0,0,NA,NA
829,1336,0.0006016315,SRR1051420,NA,Raw reads,NA,0,0,NA,NA
337,91,0.0020325816,SRR1051418,NA,Raw reads,NA,0,0,NA,NA
348,218,0.0062691179,SRR1049475,NA,Raw reads,NA,0,0,NA,NA
319,880,0.0048398235,Internal-44,NA,NA,NA,NA,NA,NA,NA
880,1041,2.7954e-06,s0019,NA,Reference,USA,Homo sapiens,adenoid,1956,1956
880,764,1.99024e-05,Internal-45,NA,NA,NA,NA,NA,NA,NA
764,1132,0.000318269,Internal-46,NA,NA,NA,NA,NA,NA,NA
1132,119,0.000228732,SRR13285300,NA,Raw reads,NA,Homo sapiens,BAC DNA,2020-01,2020
1132,260,0.0001169782,Internal-47,NA,NA,NA,NA,NA,NA,NA
260,787,2.65802e-05,Internal-48,NA,NA,NA,NA,NA,NA,NA
787,193,0.0001701128,Internal-49,NA,NA,NA,NA,NA,NA,NA
193,521,0.0001692427,ERR2282607,NA,Raw reads,NA,0,0,NA,NA
193,768,0.0002935179,Internal-50,NA,NA,NA,NA,NA,NA,NA
768,214,0.0002602689,Internal-51,NA,NA,NA,NA,NA,NA,NA
214,678,0.0090728002,Internal-52,NA,NA,NA,NA,NA,NA,NA
678,0,7.25626e-05,ERR3276894,NA,Raw reads,NA,Homo sapiens,0,NA,NA
678,1373,0.0012736021,ERR3276892,NA,Raw reads,NA,Homo sapiens,0,NA,NA
214,978,6.26014e-05,ERR3276890,NA,Raw reads,NA,Homo sapiens,0,NA,NA
768,149,7.18841e-05,ERR2282552,NA,Raw reads,NA,0,0,NA,NA
787,1319,0.0001094209,Internal-53,NA,NA,NA,NA,NA,NA,NA
1319,841,9.91376e-05,SRR7093665,NA,Raw reads,NA,Homo sapiens,0,2018-02,2018
1319,152,0.0002570531,SRR7093666,NA,Raw reads,NA,Homo sapiens,0,2018-02,2018
260,1063,6.92642e-05,ERR10905091,NA,Raw reads,NA,0,0,4/1/2020,2020
764,293,0.0011771017,ERR011940,NA,Raw reads,NA,0,0,NA,NA
219,642,0.0023203069,Internal-54,NA,NA,NA,NA,NA,NA,NA
642,259,0.0035118857,Internal-55,NA,NA,NA,NA,NA,NA,NA
259,216,0.0073670607,ERR7018474,NA,Raw reads,NA,Homo sapiens,Saliva,NA,NA
259,1206,0.0028966561,Internal-56,NA,NA,NA,NA,NA,NA,NA
1206,1401,0.0003447144,Internal-57,NA,NA,NA,NA,NA,NA,NA
1401,1384,0.0003237061,Internal-58,NA,NA,NA,NA,NA,NA,NA
1384,1242,0.0003507259,ERR7032218,NA,Raw reads,NA,Homo sapiens,Urine,NA,NA
1384,170,0.0002983496,Internal-59,NA,NA,NA,NA,NA,NA,NA
170,725,0.0002819998,ERR7018450,NA,Raw reads,NA,Homo sapiens,Saliva,NA,NA
170,955,0.0010482601,ERR7018466,NA,Raw reads,NA,Homo sapiens,Saliva,NA,NA
1401,817,0.0003116238,Internal-60,NA,NA,NA,NA,NA,NA,NA
817,991,0.0018461117,ERR7018455,NA,Raw reads,NA,Homo sapiens,Saliva,NA,NA
817,712,0.0003709585,ERR7030474,NA,Raw reads,NA,Homo sapiens,Urine,NA,NA
1206,304,0.0002495359,ERR7031191,NA,Raw reads,NA,Homo sapiens,Urine,NA,NA
642,1083,0.0165034082,ERR3163178,NA,Raw reads,United Kingdom,Homo sapiens,Milk,NA,NA
268,886,0.0012125756,Internal-61,NA,NA,NA,NA,NA,NA,NA
886,208,0.0018251135,Internal-62,NA,NA,NA,NA,NA,NA,NA
208,1311,0.0039621925,Internal-63,NA,NA,NA,NA,NA,NA,NA
1311,334,0.0026688015,Internal-64,NA,NA,NA,NA,NA,NA,NA
334,1035,0.0004257739,Internal-65,NA,NA,NA,NA,NA,NA,NA
1035,650,0.0004325135,Internal-66,NA,NA,NA,NA,NA,NA,NA
650,179,0.0015250534,SRR10583116,NA,Raw reads,NA,Homo sapiens,blood,2018,2018
650,771,1e-06,SRR10583117,NA,Raw reads,NA,Homo sapiens,blood,2018,2018
1035,887,0.0008853629,SRR10583113,NA,Raw reads,NA,Homo sapiens,blood,2018,2018
334,97,0.0082852858,ERR3014430,NA,Raw reads,Israel,Homo sapiens,Amniotic fluid,NA,NA
1311,809,0.005752708,Internal-67,NA,NA,NA,NA,NA,NA,NA
809,1096,0.002612503,Internal-68,NA,NA,NA,NA,NA,NA,NA
1096,64,0.0002237808,ERR1279050,NA,Raw reads,NA,Homo sapiens,blood,1/1/2015,2015
1096,1351,0.0022083482,Internal-69,NA,NA,NA,NA,NA,NA,NA
1351,1405,0.0005583695,Internal-70,NA,NA,NA,NA,NA,NA,NA
1405,587,0.0004198084,Internal-71,NA,NA,NA,NA,NA,NA,NA
587,864,0.0009225279,ERR1279026,NA,Raw reads,NA,Homo sapiens,blood,1/1/2015,2015
587,45,0.0010509661,Internal-72,NA,NA,NA,NA,NA,NA,NA
45,12,0.0044737861,Internal-73,NA,NA,NA,NA,NA,NA,NA
12,579,0.0024369942,ERR1279025,NA,Raw reads,NA,Homo sapiens,blood,1/1/2015,2015
12,1133,0.0364665177,ERR1279049,NA,Raw reads,NA,Homo sapiens,blood,1/1/2015,2015
45,1394,0.0005434318,ERR1279046,NA,Raw reads,NA,Homo sapiens,blood,1/1/2015,2015
1405,15,0.000964558,ERR1279048,NA,Raw reads,NA,Homo sapiens,blood,1/1/2015,2015
1351,277,0.0011716258,ERR1279027,NA,Raw reads,NA,Homo sapiens,blood,1/1/2015,2015
809,648,0.0021137772,Internal-74,NA,NA,NA,NA,NA,NA,NA
648,863,0.0007310091,Internal-75,NA,NA,NA,NA,NA,NA,NA
863,762,0.0002555715,Internal-76,NA,NA,NA,NA,NA,NA,NA
762,696,0.0002663514,ERR1279057,NA,Raw reads,NA,Homo sapiens,blood,1/1/2015,2015
762,1201,0.0002282939,ERR1279029,NA,Raw reads,NA,Homo sapiens,blood,1/1/2015,2015
863,839,0.0028964312,ERR1279055,NA,Raw reads,NA,Homo sapiens,blood,1/1/2015,2015
648,1255,0.0004947115,ERR1279028,NA,Raw reads,NA,Homo sapiens,blood,1/1/2015,2015
208,1137,0.0022385795,Internal-77,NA,NA,NA,NA,NA,NA,NA
1137,1228,0.0020661959,Internal-78,NA,NA,NA,NA,NA,NA,NA
1228,953,0.0001726125,Internal-79,NA,NA,NA,NA,NA,NA,NA
953,707,0.0024766653,Internal-80,NA,NA,NA,NA,NA,NA,NA
707,693,0.0031163217,Internal-81,NA,NA,NA,NA,NA,NA,NA
693,775,0.0049494013,Internal-82,NA,NA,NA,NA,NA,NA,NA
775,379,0.0014019503,SRR11053588,NA,Raw reads,NA,Homo sapiens,0,NA,NA
775,1329,0.0028440189,ERR011944,NA,Raw reads,NA,0,0,NA,NA
693,417,0.0071512637,Internal-83,NA,NA,NA,NA,NA,NA,NA
417,1212,0.000757839,Internal-84,NA,NA,NA,NA,NA,NA,NA
1212,92,0.000388075,ERR1279051,NA,Raw reads,NA,Homo sapiens,blood,1/1/2015,2015
1212,618,0.0009158225,ERR1279053,NA,Raw reads,NA,Homo sapiens,blood,1/1/2015,2015
417,65,0.000396295,ERR1279052,NA,Raw reads,NA,Homo sapiens,blood,1/1/2015,2015
707,756,0.00719926,Internal-85,NA,NA,NA,NA,NA,NA,NA
756,784,0.002579677,Internal-86,NA,NA,NA,NA,NA,NA,NA
784,885,4.08608e-05,SRR15047133,NA,Raw reads,NA,Homo sapiens,urine,NA,NA
784,1036,7.31006e-05,SRR15047132,NA,Raw reads,NA,Homo sapiens,urine,NA,NA
756,1338,0.0010532848,SRR15047136,NA,Raw reads,NA,Homo sapiens,urine,NA,NA
953,131,0.0020120285,Internal-87,NA,NA,NA,NA,NA,NA,NA
131,767,0.0045425921,Internal-88,NA,NA,NA,NA,NA,NA,NA
767,274,0.0071639887,Internal-89,NA,NA,NA,NA,NA,NA,NA
274,479,0.0008802378,Internal-90,NA,NA,NA,NA,NA,NA,NA
479,815,0.0001144646,Internal-91,NA,NA,NA,NA,NA,NA,NA
815,393,8.76647e-05,Internal-92,NA,NA,NA,NA,NA,NA,NA
393,673,3.62491e-05,Internal-93,NA,NA,NA,NA,NA,NA,NA
673,224,1e-06,Internal-94,NA,NA,NA,NA,NA,NA,NA
224,1325,1e-06,Internal-95,NA,NA,NA,NA,NA,NA,NA
1325,299,3.66259e-05,Internal-96,NA,NA,NA,NA,NA,NA,NA
299,204,1.82662e-05,Internal-97,NA,NA,NA,NA,NA,NA,NA
204,1337,7.27156e-05,Internal-98,NA,NA,NA,NA,NA,NA,NA
1337,90,0.00025477,Internal-99,NA,NA,NA,NA,NA,NA,NA
90,912,0.0003741859,ERR2282574,NA,Raw reads,NA,0,0,NA,NA
90,1330,0.0001134487,ERR2282629,NA,Raw reads,NA,0,0,NA,NA
1337,792,2.032e-06,SRR30131376,NA,Raw reads,NA,Homo sapiens,Cell line,2022-04,2022
204,501,2.9256e-06,Internal-100,NA,NA,NA,NA,NA,NA,NA
501,688,3.08791e-05,Internal-101,NA,NA,NA,NA,NA,NA,NA
688,574,9.94463e-05,SRR30131392,NA,Raw reads,NA,Homo sapiens,Cell line,2022-04,2022
688,1198,4.91718e-05,SRR30131384,NA,Raw reads,NA,Homo sapiens,Cell line,2023-04,2023
501,427,1e-06,SRR30131387,NA,Raw reads,NA,Homo sapiens,Cell line,2023-04,2023
299,805,1.63549e-05,Internal-102,NA,NA,NA,NA,NA,NA,NA
805,1389,8.28754e-05,SRR30131382,NA,Raw reads,NA,Homo sapiens,Cell line,2022-04,2022
805,581,6.61905e-05,SRR30131377,NA,Raw reads,NA,Homo sapiens,Cell line,2022-04,2022
1325,957,4.94883e-05,SRR30131386,NA,Raw reads,NA,Homo sapiens,Cell line,2023-04,2023
224,404,1.64924e-05,Internal-103,NA,NA,NA,NA,NA,NA,NA
404,757,1.6493e-05,SRR30131390,NA,Raw reads,NA,Homo sapiens,Cell line,2023-04,2023
404,901,8.24842e-05,SRR30131378,NA,Raw reads,NA,Homo sapiens,Cell line,2022-04,2022
673,719,1e-06,SRR30131391,NA,Raw reads,NA,Homo sapiens,Cell line,2023-04,2023
393,1122,2.3299e-06,Internal-104,NA,NA,NA,NA,NA,NA,NA
1122,350,3.02063e-05,Internal-105,NA,NA,NA,NA,NA,NA,NA
350,1042,1e-06,Internal-106,NA,NA,NA,NA,NA,NA,NA
1042,1265,2.6684e-06,SRR30131393,NA,Raw reads,NA,Homo sapiens,Cell line,2022-04,2022
1042,925,1e-06,SRR30131380,NA,Raw reads,NA,Homo sapiens,Cell line,2022-04,2022
350,733,1.64965e-05,SRR30131379,NA,Raw reads,NA,Homo sapiens,Cell line,2022-04,2022
1122,1111,3.2387e-05,SRR30131389,NA,Raw reads,NA,Homo sapiens,Cell line,2023-04,2023
815,126,7.32589e-05,SRR30131388,NA,Raw reads,NA,Homo sapiens,Cell line,2023-04,2023
479,1352,4.61261e-05,SRR30131375,NA,Raw reads,NA,Homo sapiens,Cell line,2022-04,2022
274,814,0.0070181593,SRR30131385,NA,Raw reads,NA,Homo sapiens,Cell line,2023-04,2023
767,1185,0.01398876,ERR3163181,NA,Raw reads,United Kingdom,Homo sapiens,Milk,NA,NA
131,1052,0.0118960073,ERR3163329,NA,Raw reads,United Kingdom,Homo sapiens,Milk,NA,NA
1228,1103,0.0009851823,Internal-107,NA,NA,NA,NA,NA,NA,NA
1103,763,2.4662e-06,Internal-108,NA,NA,NA,NA,NA,NA,NA
763,876,0.0005631257,SRR10583115,NA,Raw reads,NA,Homo sapiens,blood,2018,2018
763,838,0.0021282712,SRR10583114,NA,Raw reads,NA,Homo sapiens,blood,2018,2018
1103,1153,1e-06,SRR10583112,NA,Raw reads,NA,Homo sapiens,blood,2018,2018
1137,402,0.0096448125,ERR3013930,NA,Raw reads,Italy,Homo sapiens,Amniotic fluid,NA,NA
886,1367,0.0014154898,Internal-109,NA,NA,NA,NA,NA,NA,NA
1367,1240,0.0010352962,Internal-110,NA,NA,NA,NA,NA,NA,NA
1240,125,0.0025365458,Internal-111,NA,NA,NA,NA,NA,NA,NA
125,1008,0.0037835791,Internal-112,NA,NA,NA,NA,NA,NA,NA
1008,371,0.002455591,Internal-113,NA,NA,NA,NA,NA,NA,NA
371,466,0.005055311,Internal-114,NA,NA,NA,NA,NA,NA,NA
466,191,0.0001437433,Internal-115,NA,NA,NA,NA,NA,NA,NA
191,462,3.33045e-05,s0016,NA,Reference,Austria,Homo sapiens,NA,NA,NA
191,698,0.0008716618,ERR6043812,NA,Raw reads,NA,Homo sapiens,brochoalveolar lavage,NA,NA
466,1179,0.000405089,ERR6043813,NA,Raw reads,NA,Homo sapiens,Plasma,NA,NA
371,342,0.0067613313,ERR011943,NA,Raw reads,NA,0,0,NA,NA
1008,489,0.0057709495,Internal-116,NA,NA,NA,NA,NA,NA,NA
489,910,0.0012722489,ERR3014576,NA,Raw reads,Germany,Homo sapiens,Biopsy,NA,NA
489,697,0.0018143672,Internal-117,NA,NA,NA,NA,NA,NA,NA
697,833,0.0008087638,ERR3014577,NA,Raw reads,Germany,Homo sapiens,Blood,NA,NA
697,367,0.0019865836,Internal-118,NA,NA,NA,NA,NA,NA,NA
367,690,0.0004893343,ERR3014575,NA,Raw reads,Germany,Homo sapiens,Blood,NA,NA
367,964,0.0019725325,ERR3014574,NA,Raw reads,Germany,Homo sapiens,Blood,NA,NA
125,1300,0.0036046948,Internal-119,NA,NA,NA,NA,NA,NA,NA
1300,933,0.003555253,Internal-120,NA,NA,NA,NA,NA,NA,NA
933,861,0.0038101854,ERR3014176,NA,Raw reads,Israel,Homo sapiens,Amniotic fluid,NA,NA
933,283,0.0074569723,ERR3013920,NA,Raw reads,Italy,Homo sapiens,Blood,NA,NA
1300,729,0.0050663737,ERR3013919,NA,Raw reads,Italy,Homo sapiens,Amniotic fluid,NA,NA
1240,1018,0.0061915963,ERR3014174,NA,Raw reads,Italy,Homo sapiens,Amniotic fluid,NA,NA
1367,837,0.0116590572,ERR2023945,NA,Raw reads,NA,0,0,NA,NA
1347,68,0.0009324441,Internal-121,NA,NA,NA,NA,NA,NA,NA
68,1353,0.0033996584,Internal-122,NA,NA,NA,NA,NA,NA,NA
1353,600,0.0029790286,Internal-123,NA,NA,NA,NA,NA,NA,NA
600,691,0.0161234036,ERR2023920,NA,Raw reads,NA,0,0,NA,NA
600,128,0.0051015916,ERR4288722,NA,Raw reads,Germany,Homo sapiens,plasma,NA,NA
1353,194,0.0082938111,ERR3014175,NA,Raw reads,Italy,Homo sapiens,Amniotic fluid,NA,NA
68,86,0.0011505471,Internal-124,NA,NA,NA,NA,NA,NA,NA
86,623,0.0023326732,Internal-125,NA,NA,NA,NA,NA,NA,NA
623,425,0.0047395776,Internal-126,NA,NA,NA,NA,NA,NA,NA
425,973,0.0062911558,Internal-127,NA,NA,NA,NA,NA,NA,NA
973,1064,0.0028500589,Internal-128,NA,NA,NA,NA,NA,NA,NA
1064,907,0.000134676,Internal-129,NA,NA,NA,NA,NA,NA,NA
907,48,0.0006382213,Internal-130,NA,NA,NA,NA,NA,NA,NA
48,1381,0.000376638,Internal-131,NA,NA,NA,NA,NA,NA,NA
1381,903,5.33243e-05,Internal-132,NA,NA,NA,NA,NA,NA,NA
903,23,7.49533e-05,Internal-133,NA,NA,NA,NA,NA,NA,NA
23,987,0.0001302249,s0000,NA,Reference,Australia,Homo sapiens,blood,1/23/2017,2017
23,633,0.0001041995,ERR3908083,NA,Raw reads,NA,Homo sapiens,plasma,NA,NA
903,1289,0.0019938549,ERR3908078,NA,Raw reads,NA,Homo sapiens,plasma,NA,NA
1381,661,0.0004693559,ERR3908084,NA,Raw reads,NA,Homo sapiens,plasma,NA,NA
48,550,0.0002340586,ERR3908079,NA,Raw reads,NA,Homo sapiens,plasma,NA,NA
907,723,0.0004231958,Internal-134,NA,NA,NA,NA,NA,NA,NA
723,530,0.0002117934,ERR3908080,NA,Raw reads,NA,Homo sapiens,plasma,NA,NA
723,571,0.0003447914,Internal-135,NA,NA,NA,NA,NA,NA,NA
571,340,0.000111855,Internal-136,NA,NA,NA,NA,NA,NA,NA
340,190,0.0011124622,ERR3908081,NA,Raw reads,NA,Homo sapiens,plasma,NA,NA
340,1230,0.0003897692,ERR3908120,NA,Raw reads,NA,Homo sapiens,plasma,NA,NA
571,1260,0.0005041017,ERR3908077,NA,Raw reads,NA,Homo sapiens,plasma,NA,NA
1064,922,2.9768e-06,ERR3908121,NA,Raw reads,NA,Homo sapiens,plasma,NA,NA
973,105,0.000255543,ERR3908082,NA,Raw reads,NA,Homo sapiens,plasma,NA,NA
425,692,0.007436903,Internal-137,NA,NA,NA,NA,NA,NA,NA
692,1344,0.0026195399,Internal-138,NA,NA,NA,NA,NA,NA,NA
1344,63,0.0010927476,Internal-139,NA,NA,NA,NA,NA,NA,NA
63,273,0.0001042733,Internal-140,NA,NA,NA,NA,NA,NA,NA
273,1107,3.1972e-05,Internal-141,NA,NA,NA,NA,NA,NA,NA
1107,1127,0.0002884298,Internal-142,NA,NA,NA,NA,NA,NA,NA
1127,657,1.51365e-05,Internal-143,NA,NA,NA,NA,NA,NA,NA
657,1233,3.3173e-05,Internal-144,NA,NA,NA,NA,NA,NA,NA
1233,1176,1.69949e-05,Internal-145,NA,NA,NA,NA,NA,NA,NA
1176,597,1.6917e-05,Internal-146,NA,NA,NA,NA,NA,NA,NA
597,1011,0.0002733349,s0024,NA,Reference,Italy,Homo sapiens,NA,NA,NA
597,124,3.2349e-05,Internal-147,NA,NA,NA,NA,NA,NA,NA
124,82,0.00024215,ERR7034987,NA,Raw reads,NA,Homo sapiens,Urine,NA,NA
124,295,9.80224e-05,ERR7039799,NA,Raw reads,NA,Homo sapiens,Urine,NA,NA
1176,1174,0.0001289217,ERR7021883,NA,Raw reads,NA,Homo sapiens,Saliva,NA,NA
1233,965,9.70408e-05,Internal-148,NA,NA,NA,NA,NA,NA,NA
965,1190,0.0001313898,ERR7018437,NA,Raw reads,NA,Homo sapiens,Blood,NA,NA
965,508,0.0026440571,ERR7039821,NA,Raw reads,NA,Homo sapiens,Urine,NA,NA
657,373,3.43152e-05,ERR7018482,NA,Raw reads,NA,Homo sapiens,Saliva,NA,NA
1127,1301,0.0003558145,Internal-149,NA,NA,NA,NA,NA,NA,NA
1301,502,8.35865e-05,ERR7021186,NA,Raw reads,NA,Homo sapiens,Saliva,NA,NA
1301,1016,0.000453446,Internal-150,NA,NA,NA,NA,NA,NA,NA
1016,33,0.0001448433,ERR7039809,NA,Raw reads,NA,Homo sapiens,Urine,NA,NA
1016,1029,0.0004399368,ERR7020529,NA,Raw reads,NA,Homo sapiens,Saliva,NA,NA
1107,1131,1.97625e-05,Internal-151,NA,NA,NA,NA,NA,NA,NA
1131,309,6.47204e-05,ERR7019208,NA,Raw reads,NA,Homo sapiens,Saliva,NA,NA
1131,830,1e-06,ERR7018493,NA,Raw reads,NA,Homo sapiens,Saliva,NA,NA
273,485,6.34115e-05,ERR7036363,NA,Raw reads,NA,Homo sapiens,Urine,NA,NA
63,567,4.81723e-05,ERR7038539,NA,Raw reads,NA,Homo sapiens,Urine,NA,NA
1344,948,0.0001075597,ERR7018500,NA,Raw reads,NA,Homo sapiens,Saliva,NA,NA
692,1217,0.0002511861,ERR7033612,NA,Raw reads,NA,Homo sapiens,Urine,NA,NA
623,1195,0.0077272869,SRR315264,NA,Raw reads,NA,0,0,NA,NA
86,1271,0.002324938,Internal-152,NA,NA,NA,NA,NA,NA,NA
1271,212,0.0046389044,Internal-153,NA,NA,NA,NA,NA,NA,NA
212,777,0.001034804,ERR6041685,NA,Raw reads,NA,Homo sapiens,blood,NA,NA
212,150,0.0010305911,Internal-154,NA,NA,NA,NA,NA,NA,NA
150,351,0.0056651172,Internal-155,NA,NA,NA,NA,NA,NA,NA
351,21,0.0019289311,ERR3013937,NA,Raw reads,Italy,Homo sapiens,Amniotic fluid,NA,NA
351,671,0.0013398479,ERR3014518,NA,Raw reads,Czech Republic,Homo sapiens,Urine,NA,NA
150,1193,0.000783708,ERR6041604,NA,Raw reads,NA,Homo sapiens,brochoalveolar lavage,NA,NA
1271,1302,0.0025679041,Internal-156,NA,NA,NA,NA,NA,NA,NA
1302,797,0.0028756186,ERR4288707,NA,Raw reads,Germany,Homo sapiens,plasma,NA,NA
1302,1267,0.0017266683,Internal-157,NA,NA,NA,NA,NA,NA,NA
1267,592,0.0089086331,ERR4288709,NA,Raw reads,Germany,Homo sapiens,plasma,NA,NA
1267,331,0.0016120471,ERR4288708,NA,Raw reads,Germany,Homo sapiens,plasma,NA,NA
270,1026,0.0061988007,ERR6043495,NA,Raw reads,NA,Homo sapiens,endotracheal,NA,NA
138,1078,0.0016580644,Internal-158,NA,NA,NA,NA,NA,NA,NA
1078,1333,0.0027439143,Internal-159,NA,NA,NA,NA,NA,NA,NA
1333,440,0.0006305157,Internal-160,NA,NA,NA,NA,NA,NA,NA
440,1387,0.0027002133,Internal-161,NA,NA,NA,NA,NA,NA,NA
1387,1158,0.0010161835,Internal-162,NA,NA,NA,NA,NA,NA,NA
1158,490,0.0011619736,Internal-163,NA,NA,NA,NA,NA,NA,NA
490,410,0.0007860396,Internal-164,NA,NA,NA,NA,NA,NA,NA
410,676,0.0030784584,Internal-165,NA,NA,NA,NA,NA,NA,NA
676,589,0.0011980316,Internal-166,NA,NA,NA,NA,NA,NA,NA
589,1270,0.001704341,Internal-167,NA,NA,NA,NA,NA,NA,NA
1270,522,0.0022642346,Internal-168,NA,NA,NA,NA,NA,NA,NA
522,474,0.0027738291,Internal-169,NA,NA,NA,NA,NA,NA,NA
474,221,0.0017500082,Internal-170,NA,NA,NA,NA,NA,NA,NA
221,516,0.0020359049,Internal-171,NA,NA,NA,NA,NA,NA,NA
516,750,0.0021062028,Internal-172,NA,NA,NA,NA,NA,NA,NA
750,745,0.0011021232,Internal-173,NA,NA,NA,NA,NA,NA,NA
745,659,0.0022771525,Internal-174,NA,NA,NA,NA,NA,NA,NA
659,244,0.0092407442,ERR2023924,NA,Raw reads,NA,0,0,NA,NA
659,161,0.0072428039,s0003,NA,Reference,France,Homo sapiens,amniotic fluid,2013,2013
745,504,0.0016365696,Internal-175,NA,NA,NA,NA,NA,NA,NA
504,37,0.0013342658,Internal-176,NA,NA,NA,NA,NA,NA,NA
37,759,0.0027687474,Internal-177,NA,NA,NA,NA,NA,NA,NA
759,251,0.0073927568,ERR2023916,NA,Raw reads,NA,0,0,NA,NA
759,407,0.0067031349,SRR11053589,NA,Raw reads,NA,Homo sapiens,0,NA,NA
37,960,0.0014319455,Internal-178,NA,NA,NA,NA,NA,NA,NA
960,533,0.0040287467,Internal-179,NA,NA,NA,NA,NA,NA,NA
533,535,0.0006717188,Internal-180,NA,NA,NA,NA,NA,NA,NA
535,638,0.0019587575,Internal-181,NA,NA,NA,NA,NA,NA,NA
638,1043,0.0070868324,Internal-182,NA,NA,NA,NA,NA,NA,NA
1043,305,0.0159891413,ERR2023935,NA,Raw reads,NA,0,0,NA,NA
1043,975,0.0012612552,ERR2023910,NA,Raw reads,NA,0,0,NA,NA
638,282,0.0021463253,ERR2023914,NA,Raw reads,NA,0,0,NA,NA
535,511,0.0003775669,Internal-183,NA,NA,NA,NA,NA,NA,NA
511,3,0.0012671783,ERR2023933,NA,Raw reads,NA,0,0,NA,NA
511,1293,0.0006131633,ERR2023941,NA,Raw reads,NA,0,0,NA,NA
533,772,0.0017347589,ERR2023937,NA,Raw reads,NA,0,0,NA,NA
960,278,0.0062490041,SRR9067742,NA,Raw reads,NA,Homo sapiens,new born child urine,2008,2008
504,1402,0.0031049161,Internal-184,NA,NA,NA,NA,NA,NA,NA
1402,60,0.0092059449,ERR2023912,NA,Raw reads,NA,0,0,NA,NA
1402,576,0.0128637133,ERR2023900,NA,Raw reads,NA,0,0,NA,NA
750,389,0.0042893693,Internal-185,NA,NA,NA,NA,NA,NA,NA
389,290,0.0054290322,Internal-186,NA,NA,NA,NA,NA,NA,NA
290,710,0.0014570634,Internal-187,NA,NA,NA,NA,NA,NA,NA
710,1286,4.81501e-05,Internal-188,NA,NA,NA,NA,NA,NA,NA
1286,703,0.0002847784,ERR1279059,NA,Raw reads,NA,Homo sapiens,blood,1/1/2015,2015
1286,796,0.000242825,ERR1279062,NA,Raw reads,NA,Homo sapiens,blood,1/1/2015,2015
710,322,0.0002867297,Internal-189,NA,NA,NA,NA,NA,NA,NA
322,232,0.000270065,ERR1279036,NA,Raw reads,NA,Homo sapiens,blood,1/1/2015,2015
322,1285,0.0001349407,ERR1279037,NA,Raw reads,NA,Homo sapiens,blood,1/1/2015,2015
290,941,0.0023142993,SRR11053602,NA,Raw reads,NA,Homo sapiens,0,NA,NA
389,1322,0.0069992159,ERR6041353,NA,Raw reads,NA,Homo sapiens,Plasma,NA,NA
516,1363,0.0031507437,Internal-190,NA,NA,NA,NA,NA,NA,NA
1363,326,0.0012067673,Internal-191,NA,NA,NA,NA,NA,NA,NA
326,333,0.0020676134,Internal-192,NA,NA,NA,NA,NA,NA,NA
333,6,0.010796098,ERR2023906,NA,Raw reads,NA,0,0,NA,NA
333,1000,0.0006460402,ERR2023931,NA,Raw reads,NA,0,0,NA,NA
326,144,0.0044499317,ERR2023947,NA,Raw reads,NA,0,0,NA,NA
1363,785,0.008822861,ERR2023929,NA,Raw reads,NA,0,0,NA,NA
221,518,0.0018004335,Internal-193,NA,NA,NA,NA,NA,NA,NA
518,1372,0.0029981585,Internal-194,NA,NA,NA,NA,NA,NA,NA
1372,201,0.0060024882,Internal-195,NA,NA,NA,NA,NA,NA,NA
201,804,0.0004433248,ERR011941,NA,Raw reads,NA,0,0,NA,NA
201,106,0.000450736,Internal-196,NA,NA,NA,NA,NA,NA,NA
106,1033,0.000491032,ERR2282605,NA,Raw reads,NA,0,0,NA,NA
106,525,0.0001387393,ERR2282550,NA,Raw reads,NA,0,0,NA,NA
1372,791,0.0067153775,SRR15047137,NA,Raw reads,NA,Homo sapiens,urine,NA,NA
518,1287,0.0087182111,ERR3014421,NA,Raw reads,Israel,Homo sapiens,Amniotic fluid,NA,NA
474,377,0.0076486508,Internal-197,NA,NA,NA,NA,NA,NA,NA
377,1221,0.0001177314,Internal-198,NA,NA,NA,NA,NA,NA,NA
1221,1112,0.0001142723,s0004,NA,Reference,South Africa,Homo sapiens,NA,NA,NA
1221,808,0.000157029,ERR6041578,NA,Raw reads,NA,Homo sapiens,Plasma,NA,NA
377,813,0.0003279983,ERR6041577,NA,Raw reads,NA,Homo sapiens,brochoalveolar lavage,NA,NA
522,10,0.0071061656,Internal-199,NA,NA,NA,NA,NA,NA,NA
10,1406,0.0004274552,SRR23882360,NA,Raw reads,NA,Homo sapiens,lung,2020,2020
10,435,0.0006043261,SRR23882358,NA,Raw reads,NA,Homo sapiens,lung,2020,2020
1270,682,0.0049832763,Internal-200,NA,NA,NA,NA,NA,NA,NA
682,83,0.00184514,ERR3005804,NA,Raw reads,Italy,Homo sapiens,Amniotic fluid,NA,NA
682,176,0.0016767925,ERR3013928,NA,Raw reads,Italy,Homo sapiens,Amniotic fluid,NA,NA
589,354,0.001457585,Internal-201,NA,NA,NA,NA,NA,NA,NA
354,1116,0.0004726957,Internal-202,NA,NA,NA,NA,NA,NA,NA
1116,1223,0.0018461709,Internal-203,NA,NA,NA,NA,NA,NA,NA
1223,199,0.0015485711,Internal-204,NA,NA,NA,NA,NA,NA,NA
199,888,0.0022182367,Internal-205,NA,NA,NA,NA,NA,NA,NA
888,1362,0.0028544979,Internal-206,NA,NA,NA,NA,NA,NA,NA
1362,57,0.0044921703,s0011,NA,Reference,Italy,Homo sapiens,NA,5/18/2018,2018
1362,803,0.0068790345,ERR4288721,NA,Raw reads,Germany,Homo sapiens,plasma,NA,NA
888,947,0.0070276959,SRR9067740,NA,Raw reads,NA,Homo sapiens,new born child urine,2008,2008
199,1345,0.0077654303,Internal-207,NA,NA,NA,NA,NA,NA,NA
1345,1290,0.0001004689,Internal-208,NA,NA,NA,NA,NA,NA,NA
1290,895,0.0003317436,Internal-209,NA,NA,NA,NA,NA,NA,NA
895,182,0.0001334385,SRR13285302,NA,Raw reads,NA,Homo sapiens,BAC DNA,2020-01,2020
895,1272,0.0001020958,SRR14136384,NA,Raw reads,NA,Homo sapiens,Human Fibroblasts,2020,2020
1290,303,0.0014198006,Internal-210,NA,NA,NA,NA,NA,NA,NA
303,1163,0.0008153542,SRR14136385,NA,Raw reads,NA,Homo sapiens,Human Fibroblasts,2020,2020
303,782,0.0012389134,SRR14136383,NA,Raw reads,NA,Homo sapiens,Human Fibroblasts,2020,2020
1345,158,0.0002965736,SRR13285301,NA,Raw reads,NA,Homo sapiens,BAC DNA,2020-01,2020
1223,716,0.0016532004,Internal-211,NA,NA,NA,NA,NA,NA,NA
716,911,0.0052009709,Internal-212,NA,NA,NA,NA,NA,NA,NA
911,820,0.0012259837,ERR6043505,NA,Raw reads,NA,Homo sapiens,blood,NA,NA
911,192,0.0011044038,ERR6043504,NA,Raw reads,NA,Homo sapiens,brochoalveolar lavage,NA,NA
716,932,0.0045325808,ERR3013926,NA,Raw reads,Italy,Homo sapiens,Amniotic fluid,NA,NA
1116,302,0.0017454234,Internal-213,NA,NA,NA,NA,NA,NA,NA
302,717,0.0048075049,Internal-214,NA,NA,NA,NA,NA,NA,NA
717,69,0.0011480834,ERR6043499,NA,Raw reads,NA,Homo sapiens,airway aspirate,NA,NA
717,1278,0.0036505334,ERR6043500,NA,Raw reads,NA,Homo sapiens,blood,NA,NA
302,704,0.0066356151,SRR9067743,NA,Raw reads,NA,Homo sapiens,new born child urine,2009,2009
354,366,0.0014492227,Internal-215,NA,NA,NA,NA,NA,NA,NA
366,1323,0.0042251,Internal-216,NA,NA,NA,NA,NA,NA,NA
1323,1210,0.0036385528,ERR1279054,NA,Raw reads,NA,Homo sapiens,blood,1/1/2015,2015
1323,847,0.0017215587,Internal-217,NA,NA,NA,NA,NA,NA,NA
847,788,0.0005085775,Internal-218,NA,NA,NA,NA,NA,NA,NA
788,1253,0.0004148846,ERR1279035,NA,Raw reads,NA,Homo sapiens,blood,1/1/2015,2015
788,339,0.0009380863,ERR1279043,NA,Raw reads,NA,Homo sapiens,blood,1/1/2015,2015
847,845,0.0004118717,ERR1279044,NA,Raw reads,NA,Homo sapiens,blood,1/1/2015,2015
366,1187,0.0086009619,ERR3013917,NA,Raw reads,Italy,Homo sapiens,Amniotic fluid,NA,NA
676,269,0.0007875796,Internal-219,NA,NA,NA,NA,NA,NA,NA
269,506,0.0008539037,Internal-220,NA,NA,NA,NA,NA,NA,NA
506,1089,0.0021036567,Internal-221,NA,NA,NA,NA,NA,NA,NA
1089,26,0.0015071195,Internal-222,NA,NA,NA,NA,NA,NA,NA
26,769,0.0009785934,Internal-223,NA,NA,NA,NA,NA,NA,NA
769,578,0.002407815,Internal-224,NA,NA,NA,NA,NA,NA,NA
578,85,0.0027633552,Internal-225,NA,NA,NA,NA,NA,NA,NA
85,718,0.0055187491,Internal-226,NA,NA,NA,NA,NA,NA,NA
718,457,0.0039974301,Internal-227,NA,NA,NA,NA,NA,NA,NA
457,1189,0.0051142407,Internal-228,NA,NA,NA,NA,NA,NA,NA
1189,164,0.0009224154,Internal-229,NA,NA,NA,NA,NA,NA,NA
164,1377,0.0003588028,Internal-230,NA,NA,NA,NA,NA,NA,NA
1377,699,0.0003262265,s0010,NA,Reference,Israel,Homo sapiens,urine,11/16/2009,2009
1377,694,0.0001650395,ERR3013936,NA,Raw reads,Israel,Homo sapiens,Urine,NA,NA
164,881,0.0008227843,ERR3014424,NA,Raw reads,Israel,Homo sapiens,Amniotic fluid,NA,NA
1189,209,0.002858976,ERR3014560,NA,Raw reads,Germany,Homo sapiens,Blood,NA,NA
457,655,0.0052280783,ERR3014433,NA,Raw reads,Israel,Homo sapiens,Amniotic fluid,NA,NA
718,1191,0.0052604013,ERR3014561,NA,Raw reads,Germany,Homo sapiens,Blood,NA,NA
85,870,0.0025985198,Internal-231,NA,NA,NA,NA,NA,NA,NA
870,424,0.0043797975,Internal-232,NA,NA,NA,NA,NA,NA,NA
424,679,0.0041254995,ERR3908175,NA,Raw reads,NA,Homo sapiens,blood,NA,NA
424,52,0.0022728083,Internal-233,NA,NA,NA,NA,NA,NA,NA
52,345,0.0018145163,ERR5194365,NA,Raw reads,NA,0,0,NA,NA
52,799,0.0010902873,ERR5194366,NA,Raw reads,NA,0,0,NA,NA
870,41,0.0034271752,Internal-234,NA,NA,NA,NA,NA,NA,NA
41,899,0.0024179165,ERR3014697,NA,Raw reads,Italy,Homo sapiens,Plasma,NA,NA
41,1079,0.002978864,Internal-235,NA,NA,NA,NA,NA,NA,NA
1079,1009,0.0008944944,ERR3014696,NA,Raw reads,Italy,Homo sapiens,Plasma,NA,NA
1079,537,0.0014002422,ERR3014698,NA,Raw reads,Italy,Homo sapiens,Plasma,NA,NA
578,49,0.0025384376,Internal-236,NA,NA,NA,NA,NA,NA,NA
49,70,0.0014445537,Internal-237,NA,NA,NA,NA,NA,NA,NA
70,395,0.0012088119,ERR6043814,NA,Raw reads,NA,Homo sapiens,brochoalveolar lavage,NA,NA
70,765,0.0084554921,ERR6043830,NA,Raw reads,NA,Homo sapiens,Plasma,NA,NA
49,1095,0.0100696508,ERR6043829,NA,Raw reads,NA,Homo sapiens,Plasma,NA,NA
769,1117,0.0106005461,ERR6043624,NA,Raw reads,NA,Homo sapiens,brochoalveolar lavage,NA,NA
26,76,0.0014604758,Internal-238,NA,NA,NA,NA,NA,NA,NA
76,1281,0.0069346086,Internal-239,NA,NA,NA,NA,NA,NA,NA
1281,660,0.0001356721,Internal-240,NA,NA,NA,NA,NA,NA,NA
660,1069,0.0001147072,ERR3988552,NA,Raw reads,NA,Homo sapiens,Fibroblast,NA,NA
660,297,0.0002920388,ERR5052486,NA,Raw reads,NA,Homo sapiens,Lab cell,NA,NA
1281,58,0.0001088138,ERR3988553,NA,Raw reads,NA,Homo sapiens,Fibroblast,NA,NA
76,950,0.0020733929,Internal-241,NA,NA,NA,NA,NA,NA,NA
950,893,0.004876158,ERR3013929,NA,Raw reads,Italy,Homo sapiens,Amniotic fluid,NA,NA
950,469,0.0075091818,ERR3013924,NA,Raw reads,Italy,Homo sapiens,Amniotic fluid,NA,NA
1089,686,0.0086390144,Internal-242,NA,NA,NA,NA,NA,NA,NA
686,613,0.0004821877,ERR1279047,NA,Raw reads,NA,Homo sapiens,blood,1/1/2015,2015
686,416,0.0002535103,ERR1279045,NA,Raw reads,NA,Homo sapiens,blood,1/1/2015,2015
506,1294,0.0040350972,Internal-243,NA,NA,NA,NA,NA,NA,NA
1294,802,0.0032739497,Internal-244,NA,NA,NA,NA,NA,NA,NA
802,132,0.004516765,Internal-245,NA,NA,NA,NA,NA,NA,NA
132,882,0.0002464321,ERR3014570,NA,Raw reads,Germany,Homo sapiens,Blood,NA,NA
132,1126,0.0042912784,Internal-246,NA,NA,NA,NA,NA,NA,NA
1126,1080,0.0020039373,ERR3014571,NA,Raw reads,Germany,Homo sapiens,Blood,NA,NA
1126,919,0.0013055938,ERR3014572,NA,Raw reads,Germany,Homo sapiens,Nasal swab,NA,NA
802,31,0.0014135506,ERR3014573,NA,Raw reads,Germany,Homo sapiens,Blood,NA,NA
1294,151,0.0102733796,ERR3014578,NA,Raw reads,Germany,Homo sapiens,Blood,NA,NA
269,1398,0.0020015419,Internal-247,NA,NA,NA,NA,NA,NA,NA
1398,364,0.0012537306,Internal-248,NA,NA,NA,NA,NA,NA,NA
364,1061,0.0046476903,Internal-249,NA,NA,NA,NA,NA,NA,NA
1061,1070,0.0069797315,ERR3014545,NA,Raw reads,Germany,Homo sapiens,Blood,NA,NA
1061,1209,0.0010924565,Internal-250,NA,NA,NA,NA,NA,NA,NA
1209,897,0.0005959647,ERR3014544,NA,Raw reads,Germany,Homo sapiens,Blood,NA,NA
1209,966,0.0001336449,ERR3014546,NA,Raw reads,Germany,Homo sapiens,Blood,NA,NA
364,1002,0.0011066617,Internal-251,NA,NA,NA,NA,NA,NA,NA
1002,1020,0.0055651146,SRR13399507,NA,Raw reads,NA,Homo sapiens,new born child urine,2019,2019
1002,347,0.0039756849,Internal-252,NA,NA,NA,NA,NA,NA,NA
347,13,0.0001072731,ERR5194363,NA,Raw reads,NA,0,0,NA,NA
347,580,0.0012594434,ERR5194364,NA,Raw reads,NA,0,0,NA,NA
1398,943,0.0011970286,Internal-253,NA,NA,NA,NA,NA,NA,NA
943,202,0.0019376059,Internal-254,NA,NA,NA,NA,NA,NA,NA
202,101,0.0050517739,ERR3014901,NA,Raw reads,Israel,Homo sapiens,Urine,NA,NA
202,1291,0.007539987,ERR3014180,NA,Raw reads,Israel,Homo sapiens,Amniotic fluid,NA,NA
943,498,0.005510523,ERR2091819,NA,Raw reads,NA,Homo sapiens,Urine,NA,NA
410,439,0.0019843721,Internal-255,NA,NA,NA,NA,NA,NA,NA
439,1097,0.0016929868,Internal-256,NA,NA,NA,NA,NA,NA,NA
1097,71,0.0021490743,Internal-257,NA,NA,NA,NA,NA,NA,NA
71,1259,0.0018340964,Internal-258,NA,NA,NA,NA,NA,NA,NA
1259,523,0.0019980741,Internal-259,NA,NA,NA,NA,NA,NA,NA
523,1130,0.0024887927,Internal-260,NA,NA,NA,NA,NA,NA,NA
1130,54,0.006015909,Internal-261,NA,NA,NA,NA,NA,NA,NA
54,398,0.0020353143,ERR6041580,NA,Raw reads,NA,Homo sapiens,Plasma,NA,NA
54,935,0.0046227965,ERR6041579,NA,Raw reads,NA,Homo sapiens,brochoalveolar lavage,NA,NA
1130,913,0.0077800687,Internal-262,NA,NA,NA,NA,NA,NA,NA
913,588,0.0037949565,SRR11053577,NA,Raw reads,NA,Homo sapiens,0,NA,NA
913,990,0.0013789845,SRR11053587,NA,Raw reads,NA,Homo sapiens,0,NA,NA
523,113,0.0026581454,Internal-263,NA,NA,NA,NA,NA,NA,NA
113,451,0.0023105761,Internal-264,NA,NA,NA,NA,NA,NA,NA
451,520,0.005106907,SRR11053595,NA,Raw reads,NA,Homo sapiens,0,NA,NA
451,959,0.0041578365,Internal-265,NA,NA,NA,NA,NA,NA,NA
959,423,0.0007073095,SRR11053592,NA,Raw reads,NA,Homo sapiens,0,NA,NA
959,877,0.0007029163,SRR11053590,NA,Raw reads,NA,Homo sapiens,0,NA,NA
113,356,0.0097717948,SRR11053591,NA,Raw reads,NA,Homo sapiens,0,NA,NA
1259,84,0.0077878007,Internal-266,NA,NA,NA,NA,NA,NA,NA
84,992,0.0007680683,ERR6041290,NA,Raw reads,NA,Homo sapiens,Plasma,NA,NA
84,1249,0.0062878272,ERR6041289,NA,Raw reads,NA,Homo sapiens,brochoalveolar lavage,NA,NA
71,1204,0.0037298225,Internal-267,NA,NA,NA,NA,NA,NA,NA
1204,362,0.010697147,ERR3163253,NA,Raw reads,United Kingdom,Homo sapiens,Milk,NA,NA
1204,652,0.006252279,Internal-268,NA,NA,NA,NA,NA,NA,NA
652,702,0.0039323441,Internal-269,NA,NA,NA,NA,NA,NA,NA
702,171,0.0002528111,ERR3014177,NA,Raw reads,Israel,Homo sapiens,Kidney biopsy,NA,NA
702,664,7.16822e-05,ERR3014179,NA,Raw reads,Israel,Homo sapiens,Lung biopsy,NA,NA
652,604,0.0026543185,ERR3014431,NA,Raw reads,Israel,Homo sapiens,Amniotic fluid,NA,NA
1097,969,0.0012885739,Internal-270,NA,NA,NA,NA,NA,NA,NA
969,160,0.0032589251,Internal-271,NA,NA,NA,NA,NA,NA,NA
160,930,0.0030236595,Internal-272,NA,NA,NA,NA,NA,NA,NA
930,428,0.0023751856,Internal-273,NA,NA,NA,NA,NA,NA,NA
428,1014,0.0065449102,Internal-274,NA,NA,NA,NA,NA,NA,NA
1014,175,0.0009884962,ERR5194372,NA,Raw reads,NA,0,0,NA,NA
1014,464,0.0006289204,ERR5194371,NA,Raw reads,NA,0,0,NA,NA
428,643,0.0039687442,ERR6043626,NA,Raw reads,NA,Homo sapiens,brochoalveolar lavage,NA,NA
930,1261,0.0044873032,Internal-275,NA,NA,NA,NA,NA,NA,NA
1261,422,0.0053429749,ERR3014426,NA,Raw reads,Israel,Homo sapiens,Amniotic fluid,NA,NA
1261,166,0.0081870564,ERR3013916,NA,Raw reads,Italy,Homo sapiens,Amniotic fluid,NA,NA
160,892,0.0084731098,ERR3013927,NA,Raw reads,Italy,Homo sapiens,Amniotic fluid,NA,NA
969,1379,0.0023632012,Internal-276,NA,NA,NA,NA,NA,NA,NA
1379,565,0.0097126838,SRR10566655,NA,Raw reads,NA,Homo sapiens,France,2017-05,2017
1379,685,0.0083879067,Internal-277,NA,NA,NA,NA,NA,NA,NA
685,22,0.0006127934,Internal-278,NA,NA,NA,NA,NA,NA,NA
22,30,0.0005160383,ERR3163275,NA,Raw reads,United Kingdom,Homo sapiens,Milk,NA,NA
22,572,0.0002313162,ERR3163274,NA,Raw reads,United Kingdom,Homo sapiens,Milk,NA,NA
685,1143,0.0004345211,ERR3163276,NA,Raw reads,United Kingdom,Homo sapiens,Milk,NA,NA
439,1075,0.0119452174,ERR6043502,NA,Raw reads,NA,Homo sapiens,blood,NA,NA
490,701,0.001804396,Internal-279,NA,NA,NA,NA,NA,NA,NA
701,1268,0.0020889933,Internal-280,NA,NA,NA,NA,NA,NA,NA
1268,917,0.0074507121,Internal-281,NA,NA,NA,NA,NA,NA,NA
917,1316,0.0169894617,ERR1279033,NA,Raw reads,NA,Homo sapiens,blood,1/1/2015,2015
917,605,0.0024401371,ERR3908174,NA,Raw reads,NA,Homo sapiens,blood,NA,NA
1268,118,0.0019455516,Internal-282,NA,NA,NA,NA,NA,NA,NA
118,418,0.0122092492,s0014,NA,Reference,China,Homo sapiens,NA,1/10/2007,2007
118,1388,0.0050823291,Internal-283,NA,NA,NA,NA,NA,NA,NA
1388,984,0.0036727398,Internal-284,NA,NA,NA,NA,NA,NA,NA
984,1313,0.0005201853,Internal-285,NA,NA,NA,NA,NA,NA,NA
1313,384,0.0003230349,Internal-286,NA,NA,NA,NA,NA,NA,NA
384,749,0.0001225308,s0005,NA,Reference,Australia,Homo sapiens,blood,NA,NA
384,374,0.0001657211,ERR3907507,NA,Raw reads,NA,Homo sapiens,plasma,NA,NA
1313,689,0.0004917951,ERR3908074,NA,Raw reads,NA,Homo sapiens,plasma,NA,NA
984,752,0.0027733008,Internal-287,NA,NA,NA,NA,NA,NA,NA
752,928,0.001313687,ERR3907503,NA,Raw reads,NA,Homo sapiens,plasma,NA,NA
752,327,0.0053772794,ERR3907506,NA,Raw reads,NA,Homo sapiens,plasma,NA,NA
1388,1044,0.002538413,Internal-288,NA,NA,NA,NA,NA,NA,NA
1044,626,0.0027497697,ERR3908075,NA,Raw reads,NA,Homo sapiens,plasma,NA,NA
1044,855,0.0097392083,ERR3908076,NA,Raw reads,NA,Homo sapiens,plasma,NA,NA
701,909,0.0083374468,Internal-289,NA,NA,NA,NA,NA,NA,NA
909,96,0.0001528851,ERR5194362,NA,Raw reads,NA,0,0,NA,NA
909,615,0.0001420156,ERR5194361,NA,Raw reads,NA,0,0,NA,NA
1158,1390,0.0025696265,Internal-290,NA,NA,NA,NA,NA,NA,NA
1390,169,0.002398133,Internal-291,NA,NA,NA,NA,NA,NA,NA
169,573,0.0069286985,Internal-292,NA,NA,NA,NA,NA,NA,NA
573,547,0.0011526108,Internal-293,NA,NA,NA,NA,NA,NA,NA
547,225,0.0003086674,s0008,NA,Reference,Austria,Homo sapiens,NA,NA,NA
547,438,0.0003672757,ERR6043618,NA,Raw reads,NA,Homo sapiens,Plasma,NA,NA
573,1001,0.0014931384,ERR6043617,NA,Raw reads,NA,Homo sapiens,brochoalveolar lavage,NA,NA
169,873,0.0015746184,Internal-294,NA,NA,NA,NA,NA,NA,NA
873,288,0.0054828336,Internal-295,NA,NA,NA,NA,NA,NA,NA
288,316,0.0001307537,ERR3014684,NA,Raw reads,Germany,Homo sapiens,Blood,NA,NA
288,108,0.0016066395,ERR3014685,NA,Raw reads,Germany,Homo sapiens,Bronchoalveolar lavage,NA,NA
873,370,0.0079844148,Internal-296,NA,NA,NA,NA,NA,NA,NA
370,1051,0.0019524479,ERR6043493,NA,Raw reads,NA,Homo sapiens,brochoalveolar lavage,NA,NA
370,123,0.0009829497,ERR6043494,NA,Raw reads,NA,Homo sapiens,blood,NA,NA
1390,1299,0.0069426274,ERR6043615,NA,Raw reads,NA,Homo sapiens,brochoalveolar lavage,NA,NA
1387,43,0.0021139431,Internal-297,NA,NA,NA,NA,NA,NA,NA
43,111,0.0021263857,Internal-298,NA,NA,NA,NA,NA,NA,NA
111,1010,0.0046316615,Internal-299,NA,NA,NA,NA,NA,NA,NA
1010,25,0.0030902433,Internal-300,NA,NA,NA,NA,NA,NA,NA
25,998,0.0011240622,s0027,NA,Reference,Italy,Homo sapiens,amniotic fluid,2003,2003
25,695,0.0011737605,Internal-301,NA,NA,NA,NA,NA,NA,NA
695,421,1e-06,ERR4288718,NA,Raw reads,Germany,Homo sapiens,plasma,NA,NA
695,258,0.0001893732,ERR4288717,NA,Raw reads,Germany,Homo sapiens,plasma,NA,NA
1010,770,0.0038125228,Internal-302,NA,NA,NA,NA,NA,NA,NA
770,400,0.0024759776,Internal-303,NA,NA,NA,NA,NA,NA,NA
400,361,0.0033661115,Internal-304,NA,NA,NA,NA,NA,NA,NA
361,238,0.0004010338,ERR4288702,NA,Raw reads,Germany,Homo sapiens,plasma,NA,NA
361,951,0.0036982492,ERR4288700,NA,Raw reads,Germany,Homo sapiens,plasma,NA,NA
400,459,0.0008171383,ERR4288701,NA,Raw reads,Germany,Homo sapiens,plasma,NA,NA
770,409,0.0012220604,ERR4288703,NA,Raw reads,Germany,Homo sapiens,plasma,NA,NA
111,898,0.0014265325,Internal-305,NA,NA,NA,NA,NA,NA,NA
898,665,0.0094803867,Internal-306,NA,NA,NA,NA,NA,NA,NA
665,442,6.6399e-05,s0023,NA,Reference,Czech Republic,NA,NA,NA,NA
665,75,0.0002055041,Internal-307,NA,NA,NA,NA,NA,NA,NA
75,458,0.0002958866,ERR6043498,NA,Raw reads,NA,Homo sapiens,blood,NA,NA
75,974,0.0002031161,ERR6043497,NA,Raw reads,NA,Homo sapiens,brochoalveolar lavage,NA,NA
898,700,0.0031757024,Internal-308,NA,NA,NA,NA,NA,NA,NA
700,645,0.0077190011,Internal-309,NA,NA,NA,NA,NA,NA,NA
645,1178,0.0004131625,Internal-310,NA,NA,NA,NA,NA,NA,NA
1178,359,0.0006149003,Internal-311,NA,NA,NA,NA,NA,NA,NA
359,206,0.0007823721,ERR3908151,NA,Raw reads,NA,Homo sapiens,plasma,NA,NA
359,859,0.0008420714,ERR3908150,NA,Raw reads,NA,Homo sapiens,plasma,NA,NA
1178,986,0.0003938688,ERR3908138,NA,Raw reads,NA,Homo sapiens,plasma,NA,NA
645,672,0.0010796064,ERR3908137,NA,Raw reads,NA,Homo sapiens,plasma,NA,NA
700,524,0.0073476658,Internal-312,NA,NA,NA,NA,NA,NA,NA
524,414,0.0009942465,Internal-313,NA,NA,NA,NA,NA,NA,NA
414,724,0.000108951,ERR3014682,NA,Raw reads,Germany,Homo sapiens,Blood,NA,NA
414,617,0.0002084044,Internal-314,NA,NA,NA,NA,NA,NA,NA
617,1086,0.0005878348,ERR3014683,NA,Raw reads,Germany,Homo sapiens,Blood,NA,NA
617,183,0.0006408313,ERR3014681,NA,Raw reads,Germany,Homo sapiens,Biopsy,NA,NA
524,705,0.0011858648,ERR3014639,NA,Raw reads,Germany,Homo sapiens,Blood,NA,NA
43,653,0.0048577981,Internal-315,NA,NA,NA,NA,NA,NA,NA
653,906,0.002964967,Internal-316,NA,NA,NA,NA,NA,NA,NA
906,1082,0.0030463178,Internal-317,NA,NA,NA,NA,NA,NA,NA
1082,812,0.0008012784,Internal-318,NA,NA,NA,NA,NA,NA,NA
812,387,0.0001319406,Internal-319,NA,NA,NA,NA,NA,NA,NA
387,168,0.0001194737,Internal-320,NA,NA,NA,NA,NA,NA,NA
168,1104,8.87471e-05,Internal-321,NA,NA,NA,NA,NA,NA,NA
1104,1365,6.97869e-05,Internal-322,NA,NA,NA,NA,NA,NA,NA
1365,1200,2.13719e-05,Internal-323,NA,NA,NA,NA,NA,NA,NA
1200,619,7.32513e-05,Internal-324,NA,NA,NA,NA,NA,NA,NA
619,1288,3.3587e-05,s0026,NA,Reference,Germany,Homo sapiens,NA,7/24/2019,2019
619,1157,2.9486e-06,Internal-325,NA,NA,NA,NA,NA,NA,NA
1157,1164,0.0001084614,Internal-326,NA,NA,NA,NA,NA,NA,NA
1164,382,0.0002008644,SRR30553715,NA,Raw reads,NA,NA,Human foreskin fibroblasts,5/2/2022,2022
1164,120,0.0001441798,SRR30553692,NA,Raw reads,NA,NA,Human foreskin fibroblasts,6/14/2022,2022
1157,801,9.94637e-05,SRR30553693,NA,Raw reads,NA,NA,Human foreskin fibroblasts,7/11/2023,2023
1200,1369,3.30279e-05,SRR30553695,NA,Raw reads,NA,NA,Human adult retinal pigment epithelia (RPE) cell line,5/3/2022,2022
1365,637,3.214e-05,Internal-327,NA,NA,NA,NA,NA,NA,NA
637,42,2.1164e-06,Internal-328,NA,NA,NA,NA,NA,NA,NA
42,827,2.42444e-05,Internal-329,NA,NA,NA,NA,NA,NA,NA
827,394,1.64193e-05,Internal-330,NA,NA,NA,NA,NA,NA,NA
394,972,1e-06,SRR13285296,NA,Raw reads,NA,Homo sapiens,BAC DNA,2020-01,2020
394,103,1e-06,SRR14136388,NA,Raw reads,NA,Homo sapiens,Human Fibroblasts,2020,2020
827,1256,2.6281e-06,Internal-331,NA,NA,NA,NA,NA,NA,NA
1256,242,1.62269e-05,SRR13285297,NA,Raw reads,NA,Homo sapiens,BAC DNA,2020-01,2020
1256,1058,1.83955e-05,Internal-332,NA,NA,NA,NA,NA,NA,NA
1058,1361,7.56361e-05,SRR13285298,NA,Raw reads,NA,Homo sapiens,BAC DNA,2020-01,2020
1058,376,2.5665e-06,SRR13285299,NA,Raw reads,NA,Homo sapiens,BAC DNA,2020-01,2020
42,227,4.49634e-05,Internal-333,NA,NA,NA,NA,NA,NA,NA
227,1183,2.22239e-05,SRR14136387,NA,Raw reads,NA,Homo sapiens,Human Fibroblasts,2020,2020
227,74,1.50749e-05,SRR14136386,NA,Raw reads,NA,Homo sapiens,Human Fibroblasts,2020,2020
637,494,6.81517e-05,Internal-334,NA,NA,NA,NA,NA,NA,NA
494,1395,6.25092e-05,Internal-335,NA,NA,NA,NA,NA,NA,NA
1395,509,1e-06,Internal-336,NA,NA,NA,NA,NA,NA,NA
509,447,2.67632e-05,Internal-337,NA,NA,NA,NA,NA,NA,NA
447,78,3.1213e-05,Internal-338,NA,NA,NA,NA,NA,NA,NA
78,1202,1.89899e-05,Internal-339,NA,NA,NA,NA,NA,NA,NA
1202,1397,2.2249e-06,Internal-340,NA,NA,NA,NA,NA,NA,NA
1397,1156,0.0002098162,Internal-341,NA,NA,NA,NA,NA,NA,NA
1156,1392,0.0003163795,Internal-342,NA,NA,NA,NA,NA,NA,NA
1392,496,0.0001205507,Internal-343,NA,NA,NA,NA,NA,NA,NA
496,77,2.90367e-05,Internal-344,NA,NA,NA,NA,NA,NA,NA
77,272,6.91238e-05,Internal-345,NA,NA,NA,NA,NA,NA,NA
272,127,4.07851e-05,Internal-346,NA,NA,NA,NA,NA,NA,NA
127,1146,5.73085e-05,Internal-347,NA,NA,NA,NA,NA,NA,NA
1146,641,0.001322123,Internal-348,NA,NA,NA,NA,NA,NA,NA
641,936,2.0728e-06,Internal-349,NA,NA,NA,NA,NA,NA,NA
936,866,3.31586e-05,SRR30553719,NA,Raw reads,NA,NA,Human foreskin fibroblasts,4/22/2022,2022
936,822,3.67477e-05,Internal-350,NA,NA,NA,NA,NA,NA,NA
822,871,1.84475e-05,Internal-351,NA,NA,NA,NA,NA,NA,NA
871,758,2.0958e-06,Internal-352,NA,NA,NA,NA,NA,NA,NA
758,1169,0.0002616032,Internal-353,NA,NA,NA,NA,NA,NA,NA
1169,1062,0.0001487036,SRR30553710,NA,Raw reads,NA,NA,Human foreskin fibroblasts,9/22/2021,2021
1169,1180,0.0001062244,SRR30553721,NA,Raw reads,NA,NA,Human foreskin fibroblasts,2/15/2022,2022
758,512,2.60161e-05,Internal-354,NA,NA,NA,NA,NA,NA,NA
512,1149,0.0001511508,SRR30553720,NA,Raw reads,NA,NA,Human foreskin fibroblasts,2/15/2022,2022
512,828,9.3856e-05,SRR30553709,NA,Raw reads,NA,NA,Human foreskin fibroblasts,9/22/2021,2021
871,1054,7.26372e-05,SRR30553716,NA,Raw reads,NA,NA,Human foreskin fibroblasts,5/12/2022,2022
822,921,5.11425e-05,SRR30553717,NA,Raw reads,NA,NA,Human foreskin fibroblasts,2/15/2022,2022
641,236,4.30195e-05,Internal-355,NA,NA,NA,NA,NA,NA,NA
236,1145,1.66608e-05,SRR30553718,NA,Raw reads,NA,NA,Human foreskin fibroblasts,2/15/2022,2022
236,620,4.42217e-05,Internal-356,NA,NA,NA,NA,NA,NA,NA
620,399,1.66423e-05,Internal-357,NA,NA,NA,NA,NA,NA,NA
399,203,0.0001166342,SRR30553697,NA,Raw reads,NA,NA,Homo sapiens foreskin fibroblasts,12/27/2021,2021
399,999,0.0001334009,SRR30553699,NA,Raw reads,NA,NA,Homo sapiens foreskin fibroblasts,12/30/2021,2021
620,28,4.4542e-05,SRR30553698,NA,Raw reads,NA,NA,Homo sapiens foreskin fibroblasts,12/30/2021,2021
1146,1312,6.66092e-05,SRR30553700,NA,Raw reads,NA,NA,Homo sapiens foreskin fibroblasts,12/30/2021,2021
127,1034,6.69841e-05,SRR30553730,NA,Raw reads,NA,NA,Human foreskin fibroblasts,7/8/2022,2022
272,582,3.01544e-05,Internal-358,NA,NA,NA,NA,NA,NA,NA
582,517,6.46702e-05,Internal-359,NA,NA,NA,NA,NA,NA,NA
517,1005,7.37225e-05,Internal-360,NA,NA,NA,NA,NA,NA,NA
1005,621,2.7124e-06,SRR30553729,NA,Raw reads,NA,NA,Human foreskin fibroblasts,7/8/2022,2022
1005,140,3.99859e-05,SRR30553722,NA,Raw reads,NA,NA,Human foreskin fibroblasts,7/11/2023,2023
517,611,0.0003991824,SRR30553738,NA,Raw reads,NA,NA,Human foreskin fibroblasts,7/22/2022,2022
582,1109,0.0001106122,Internal-361,NA,NA,NA,NA,NA,NA,NA
1109,432,0.0002177996,SRR30553731,NA,Raw reads,NA,NA,Human foreskin fibroblasts,7/14/2023,2023
1109,104,0.0001889891,SRR30553739,NA,Raw reads,NA,NA,Human foreskin fibroblasts,7/22/2022,2022
77,1284,0.0002634282,SRR30553711,NA,Raw reads,NA,NA,Human foreskin fibroblasts,5/2/2022,2022
496,1241,1.6467e-05,Internal-362,NA,NA,NA,NA,NA,NA,NA
1241,1093,0.0001341187,SRR30553712,NA,Raw reads,NA,NA,Human foreskin fibroblasts,5/2/2022,2022
1241,99,0.0010307224,SRR30553706,NA,Raw reads,NA,NA,Human adult retinal pigment epithelia (RPE) cell line,6/1/2022,2022
1392,714,5.01105e-05,SRR30553707,NA,Raw reads,NA,NA,Human adult retinal pigment epithelia (RPE) cell line,6/1/2022,2022
1156,834,0.0018449919,Internal-363,NA,NA,NA,NA,NA,NA,NA
834,471,0.0011122184,SRR13587452,NA,Raw reads,NA,NA,NA,NA,NA
834,73,1.96209e-05,SRR13587464,NA,Raw reads,NA,NA,NA,NA,NA
1397,365,0.0002512019,SRR30553701,NA,Raw reads,NA,NA,Homo sapiens foreskin fibroblasts,4/21/2022,2022
1202,478,3.33061e-05,SRR30553704,NA,Raw reads,NA,NA,Homo sapiens foreskin fibroblasts,9/13/2021,2021
78,1039,1.657e-05,Internal-364,NA,NA,NA,NA,NA,NA,NA
1039,1341,1.64889e-05,Internal-365,NA,NA,NA,NA,NA,NA,NA
1341,1171,6.5897e-05,Internal-366,NA,NA,NA,NA,NA,NA,NA
1171,1125,0.0004435038,SRR30553691,NA,Raw reads,NA,NA,Human foreskin fibroblasts,6/14/2022,2022
1171,210,6.02144e-05,SRR30553740,NA,Raw reads,NA,NA,Human foreskin fibroblasts,7/11/2023,2023
1341,1105,3.31989e-05,SRR30553746,NA,Raw reads,NA,NA,Human foreskin fibroblasts,7/1/2022,2022
1039,532,0.0002520541,SRR30553708,NA,Raw reads,NA,NA,Human adult retinal pigment epithelia (RPE) cell line,6/1/2022,2022
447,1038,9.85107e-05,SRR17951476,NA,Raw reads,NA,Homo sapiens,laboratory,5/8/2021,2021
509,307,9.85093e-05,SRR17984671,NA,Raw reads,NA,Homo sapiens,bacterial artificial chromosome,5/8/2021,2021
1395,561,0.0001911334,SRR30553747,NA,Raw reads,NA,NA,Human foreskin fibroblasts,7/1/2022,2022
494,1317,3.78693e-05,ERR3276896,NA,Raw reads,NA,Homo sapiens,0,NA,NA
1104,1246,0.0001674959,Internal-367,NA,NA,NA,NA,NA,NA,NA
1246,1266,3.66981e-05,Internal-368,NA,NA,NA,NA,NA,NA,NA
1266,989,1.69042e-05,Internal-369,NA,NA,NA,NA,NA,NA,NA
989,301,8.34776e-05,SRR30553714,NA,Raw reads,NA,NA,Human foreskin fibroblasts,5/2/2022,2022
989,1235,0.0004367827,Internal-370,NA,NA,NA,NA,NA,NA,NA
1235,433,0.0002075078,ERR3276891,NA,Raw reads,NA,Homo sapiens,0,NA,NA
1235,1030,0.0027394794,ERR3276893,NA,Raw reads,NA,Homo sapiens,0,NA,NA
1266,1118,0.0001419054,SRR30553703,NA,Raw reads,NA,NA,Homo sapiens foreskin fibroblasts,4/21/2022,2022
1246,875,0.0001202502,SRR30553705,NA,Raw reads,NA,NA,Homo sapiens foreskin fibroblasts,4/21/2022,2022
168,557,0.0001113323,SRR30553696,NA,Raw reads,NA,NA,Human adult retinal pigment epithelia (RPE) cell line,5/3/2022,2022
387,18,0.0162660731,ERR2357678,NA,Raw reads,NA,0,0,NA,NA
812,1274,0.000431289,Internal-371,NA,NA,NA,NA,NA,NA,NA
1274,826,0.0002733105,Internal-372,NA,NA,NA,NA,NA,NA,NA
826,265,9.7271e-05,Internal-373,NA,NA,NA,NA,NA,NA,NA
265,1161,0.0025847082,ERR3908179,NA,Raw reads,NA,Homo sapiens,blood,NA,NA
265,852,0.0012887555,Internal-374,NA,NA,NA,NA,NA,NA,NA
852,403,0.0152472579,ERR3908178,NA,Raw reads,NA,Homo sapiens,blood,NA,NA
852,1144,0.0106251409,ERR3908177,NA,Raw reads,NA,Homo sapiens,blood,NA,NA
826,235,0.0002122224,ERR3908181,NA,Raw reads,NA,Homo sapiens,blood,NA,NA
1274,844,0.0043748796,ERR3908180,NA,Raw reads,NA,Homo sapiens,blood,NA,NA
1082,656,0.0014133715,Internal-375,NA,NA,NA,NA,NA,NA,NA
656,1077,0.0123833471,ERR3163198,NA,Raw reads,United Kingdom,Homo sapiens,Milk,NA,NA
656,1263,0.0035955623,ERR3014702,NA,Raw reads,Italy,Homo sapiens,Plasma,NA,NA
906,1385,0.0029485679,Internal-376,NA,NA,NA,NA,NA,NA,NA
1385,116,0.0022524637,Internal-377,NA,NA,NA,NA,NA,NA,NA
116,929,0.0021117236,SRR13587442,NA,Raw reads,NA,NA,NA,NA,NA
116,918,0.003862566,Internal-378,NA,NA,NA,NA,NA,NA,NA
918,515,0.0086729953,ERR3014579,NA,Raw reads,Germany,Homo sapiens,Blood,NA,NA
918,731,0.004102282,Internal-379,NA,NA,NA,NA,NA,NA,NA
731,121,0.0011271156,Internal-380,NA,NA,NA,NA,NA,NA,NA
121,341,0.0002250621,ERR3276897,NA,Raw reads,NA,Homo sapiens,0,NA,NA
121,499,0.0001323511,ERR3276899,NA,Raw reads,NA,Homo sapiens,0,NA,NA
731,87,0.0023374731,SRR13587450,NA,Raw reads,NA,NA,NA,NA,NA
1385,554,0.000706884,ERR3276898,NA,Raw reads,NA,Homo sapiens,0,NA,NA
653,32,0.0038819996,ERR3014699,NA,Raw reads,Italy,Homo sapiens,Plasma,NA,NA
440,934,0.0014650887,Internal-381,NA,NA,NA,NA,NA,NA,NA
934,492,0.0022740407,Internal-382,NA,NA,NA,NA,NA,NA,NA
492,369,0.0018682794,Internal-383,NA,NA,NA,NA,NA,NA,NA
369,1216,0.0041487737,Internal-384,NA,NA,NA,NA,NA,NA,NA
1216,1359,0.0026758425,Internal-385,NA,NA,NA,NA,NA,NA,NA
1359,1348,0.0071298792,Internal-386,NA,NA,NA,NA,NA,NA,NA
1348,1027,0.0019051235,Internal-387,NA,NA,NA,NA,NA,NA,NA
1027,1192,0.0001713536,s0006,NA,Reference,Zambia,Homo sapiens,mammalian milk,2006,2006
1027,156,0.0010192602,Internal-388,NA,NA,NA,NA,NA,NA,NA
156,740,0.0014360901,ERR3163251,NA,Raw reads,United Kingdom,Homo sapiens,Milk,NA,NA
156,352,0.0005623123,ERR3163236,NA,Raw reads,United Kingdom,Homo sapiens,Milk,NA,NA
1348,1280,0.0015392906,ERR3163235,NA,Raw reads,United Kingdom,Homo sapiens,Milk,NA,NA
1359,773,0.0073095604,SRR11053597,NA,Raw reads,NA,Homo sapiens,0,NA,NA
1216,1019,0.0101419898,ERR3163199,NA,Raw reads,United Kingdom,Homo sapiens,Milk,NA,NA
369,631,0.0014745632,Internal-389,NA,NA,NA,NA,NA,NA,NA
631,894,0.006965735,SRR11053603,NA,Raw reads,NA,Homo sapiens,0,NA,NA
631,722,0.0032920619,Internal-390,NA,NA,NA,NA,NA,NA,NA
722,157,0.0093319793,ERR3014165,NA,Raw reads,Italy,Homo sapiens,Amniotic fluid,NA,NA
722,1251,0.0069865663,Internal-391,NA,NA,NA,NA,NA,NA,NA
1251,1167,0.0031286,ERR3163232,NA,Raw reads,United Kingdom,Homo sapiens,Milk,NA,NA
1251,240,0.0031623356,ERR3163233,NA,Raw reads,United Kingdom,Homo sapiens,Milk,NA,NA
492,1108,0.0032502389,Internal-392,NA,NA,NA,NA,NA,NA,NA
1108,956,0.0093572848,ERR3163224,NA,Raw reads,United Kingdom,Homo sapiens,Milk,NA,NA
1108,9,0.0079753092,ERR3163234,NA,Raw reads,United Kingdom,Homo sapiens,Milk,NA,NA
934,1017,0.0076670059,Internal-393,NA,NA,NA,NA,NA,NA,NA
1017,821,0.0020991224,ERR3014703,NA,Raw reads,Italy,Homo sapiens,Plasma,NA,NA
1017,396,0.0039683591,ERR3014701,NA,Raw reads,Italy,Homo sapiens,Plasma,NA,NA
1333,713,0.001943958,Internal-394,NA,NA,NA,NA,NA,NA,NA
713,1147,0.0034551863,Internal-395,NA,NA,NA,NA,NA,NA,NA
1147,1024,0.0017539775,Internal-396,NA,NA,NA,NA,NA,NA,NA
1024,1166,0.0077065037,ERR3013918,NA,Raw reads,Italy,Homo sapiens,Amniotic fluid,NA,NA
1024,358,0.0069445424,ERR3013923,NA,Raw reads,Italy,Homo sapiens,Amniotic fluid,NA,NA
1147,408,0.0042791871,Internal-397,NA,NA,NA,NA,NA,NA,NA
408,868,0.0077679968,ERR3013922,NA,Raw reads,Italy,Homo sapiens,Amniotic fluid,NA,NA
408,1225,0.0073005618,ERR3013921,NA,Raw reads,Italy,Homo sapiens,Amniotic fluid,NA,NA
713,266,0.0112946212,ERR3014178,NA,Raw reads,Israel,Homo sapiens,Bronchoalveolar lavage,NA,NA
1078,35,0.0027501295,Internal-398,NA,NA,NA,NA,NA,NA,NA
35,1113,0.0015238321,Internal-399,NA,NA,NA,NA,NA,NA,NA
1113,958,0.0006731291,Internal-400,NA,NA,NA,NA,NA,NA,NA
958,483,0.003711606,Internal-401,NA,NA,NA,NA,NA,NA,NA
483,560,0.0014130573,Internal-402,NA,NA,NA,NA,NA,NA,NA
560,539,0.0056397248,Internal-403,NA,NA,NA,NA,NA,NA,NA
539,1170,0.0026371885,Internal-404,NA,NA,NA,NA,NA,NA,NA
1170,558,0.0054214703,Internal-405,NA,NA,NA,NA,NA,NA,NA
558,1257,0.0022144466,Internal-406,NA,NA,NA,NA,NA,NA,NA
1257,677,0.0003095401,Internal-407,NA,NA,NA,NA,NA,NA,NA
677,1277,0.0017445862,SRR11053598,NA,Raw reads,NA,Homo sapiens,0,NA,NA
677,17,0.0003281815,SRR11053599,NA,Raw reads,NA,Homo sapiens,0,NA,NA
1257,420,0.0002894975,SRR11053600,NA,Raw reads,NA,Homo sapiens,0,NA,NA
558,285,0.0009187581,SRR11053601,NA,Raw reads,NA,Homo sapiens,0,NA,NA
1170,914,0.0051266258,Internal-408,NA,NA,NA,NA,NA,NA,NA
914,552,0.0039806448,SRR11053606,NA,Raw reads,NA,Homo sapiens,0,NA,NA
914,1074,0.0018096527,SRR11053604,NA,Raw reads,NA,Homo sapiens,0,NA,NA
539,1374,0.0027345372,SRR11053605,NA,Raw reads,NA,Homo sapiens,0,NA,NA
560,318,0.0017339128,Internal-409,NA,NA,NA,NA,NA,NA,NA
318,1168,0.0017784786,Internal-410,NA,NA,NA,NA,NA,NA,NA
1168,112,0.002173,Internal-411,NA,NA,NA,NA,NA,NA,NA
112,215,0.0010871163,Internal-412,NA,NA,NA,NA,NA,NA,NA
215,344,0.0023631707,Internal-413,NA,NA,NA,NA,NA,NA,NA
344,330,0.005978927,Internal-414,NA,NA,NA,NA,NA,NA,NA
330,391,0.0037180724,Internal-415,NA,NA,NA,NA,NA,NA,NA
391,783,0.0002210275,s0012,NA,NA,NA,NA,NA,NA,NA
391,141,0.0005022838,Internal-416,NA,NA,NA,NA,NA,NA,NA
141,1307,0.0005020304,ERR6041602,NA,Raw reads,NA,Homo sapiens,brochoalveolar lavage,NA,NA
141,1356,0.0011745716,ERR6041603,NA,Raw reads,NA,Homo sapiens,Plasma,NA,NA
330,884,0.0145361237,ERR6043627,NA,Raw reads,NA,Homo sapiens,Plasma,NA,NA
344,977,0.0098341751,SRR9067739,NA,Raw reads,NA,Homo sapiens,new born child urine,2014,2014
215,1114,0.0022844197,Internal-417,NA,NA,NA,NA,NA,NA,NA
1114,1199,0.0079338711,Internal-418,NA,NA,NA,NA,NA,NA,NA
1199,308,0.0015324876,Internal-419,NA,NA,NA,NA,NA,NA,NA
308,1368,0.0019322641,ERR3908162,NA,Raw reads,NA,Homo sapiens,plasma,NA,NA
308,88,0.0016722344,ERR3908168,NA,Raw reads,NA,Homo sapiens,plasma,NA,NA
1199,937,0.0004637599,Internal-420,NA,NA,NA,NA,NA,NA,NA
937,1205,0.0012750219,Internal-421,NA,NA,NA,NA,NA,NA,NA
1205,1177,0.0009494528,ERR3908163,NA,Raw reads,NA,Homo sapiens,plasma,NA,NA
1205,680,0.000899613,Internal-422,NA,NA,NA,NA,NA,NA,NA
680,481,0.0004135459,ERR3908161,NA,Raw reads,NA,Homo sapiens,plasma,NA,NA
680,747,0.0002550895,Internal-423,NA,NA,NA,NA,NA,NA,NA
747,607,0.0007835219,ERR3908164,NA,Raw reads,NA,Homo sapiens,plasma,NA,NA
747,1355,0.0001750501,Internal-424,NA,NA,NA,NA,NA,NA,NA
1355,896,0.0004989519,ERR3908167,NA,Raw reads,NA,Homo sapiens,plasma,NA,NA
1355,317,0.0005524071,ERR3908166,NA,Raw reads,NA,Homo sapiens,plasma,NA,NA
937,56,0.0021768349,ERR3908165,NA,Raw reads,NA,Homo sapiens,plasma,NA,NA
1114,549,0.0073224314,Internal-425,NA,NA,NA,NA,NA,NA,NA
549,831,0.0006845477,Internal-426,NA,NA,NA,NA,NA,NA,NA
831,1335,0.0028148221,ERR3014532,NA,Raw reads,Germany,Homo sapiens,Milk,NA,NA
831,924,0.0014176683,ERR3014531,NA,Raw reads,Germany,Homo sapiens,Milk,NA,NA
549,93,0.0003850291,Internal-427,NA,NA,NA,NA,NA,NA,NA
93,706,6.19767e-05,Internal-428,NA,NA,NA,NA,NA,NA,NA
706,1275,0.0002677864,Internal-429,NA,NA,NA,NA,NA,NA,NA
1275,654,0.000236994,ERR3014530,NA,Raw reads,Germany,Homo sapiens,Urine,NA,NA
1275,486,7.51821e-05,Internal-430,NA,NA,NA,NA,NA,NA,NA
486,586,0.0001235247,ERR3014526,NA,Raw reads,Germany,Homo sapiens,Blood,NA,NA
486,1305,0.0004378755,ERR3014529,NA,Raw reads,Germany,Homo sapiens,Blood,NA,NA
706,601,0.0001384163,ERR3014528,NA,Raw reads,Germany,Homo sapiens,Urine,NA,NA
93,412,0.0002571751,ERR3014527,NA,Raw reads,Germany,Homo sapiens,Blood,NA,NA
112,606,0.0062513817,Internal-431,NA,NA,NA,NA,NA,NA,NA
606,488,0.0013673599,Internal-432,NA,NA,NA,NA,NA,NA,NA
488,781,0.0009110531,SRR11053579,NA,Raw reads,NA,Homo sapiens,0,NA,NA
488,931,4.9741e-05,Internal-433,NA,NA,NA,NA,NA,NA,NA
931,996,0.0019643968,SRR11053582,NA,Raw reads,NA,Homo sapiens,0,NA,NA
931,1050,0.0081602532,SRR11053583,NA,Raw reads,NA,Homo sapiens,0,NA,NA
606,513,0.0012513457,SRR11053584,NA,Raw reads,NA,Homo sapiens,0,NA,NA
1168,1094,0.004189597,Internal-434,NA,NA,NA,NA,NA,NA,NA
1094,1007,0.0044307871,SRR11053572,NA,Raw reads,NA,Homo sapiens,0,NA,NA
1094,228,0.0054400054,SRR11053571,NA,Raw reads,NA,Homo sapiens,0,NA,NA
318,883,0.0038650101,Internal-435,NA,NA,NA,NA,NA,NA,NA
883,239,0.0132185343,SRR11053578,NA,Raw reads,NA,Homo sapiens,0,NA,NA
883,727,0.0075592973,ERR6041287,NA,Raw reads,NA,Homo sapiens,brochoalveolar lavage,NA,NA
483,570,0.003503163,Internal-436,NA,NA,NA,NA,NA,NA,NA
570,1060,0.0048493096,SRR11053607,NA,Raw reads,NA,Homo sapiens,0,NA,NA
570,247,0.0024325411,Internal-437,NA,NA,NA,NA,NA,NA,NA
247,983,0.0075080646,SRR11053566,NA,Raw reads,NA,Homo sapiens,0,NA,NA
247,1067,0.0052459968,SRR11053569,NA,Raw reads,NA,Homo sapiens,0,NA,NA
958,730,0.0010917784,Internal-438,NA,NA,NA,NA,NA,NA,NA
730,284,0.0019002634,Internal-439,NA,NA,NA,NA,NA,NA,NA
284,842,0.002518147,Internal-440,NA,NA,NA,NA,NA,NA,NA
842,1150,0.0024477019,Internal-441,NA,NA,NA,NA,NA,NA,NA
1150,962,0.004422296,s0021,NA,Reference,Australia,Homo sapiens,amniotic fluid,2013,2013
1150,256,0.0037634418,Internal-442,NA,NA,NA,NA,NA,NA,NA
256,117,0.0042069158,ERR3014540,NA,Raw reads,Germany,Homo sapiens,Blood,NA,NA
256,1037,0.0007842446,Internal-443,NA,NA,NA,NA,NA,NA,NA
1037,453,4.53766e-05,Internal-444,NA,NA,NA,NA,NA,NA,NA
453,1173,7.53645e-05,Internal-445,NA,NA,NA,NA,NA,NA,NA
1173,250,0.0007185711,ERR3014539,NA,Raw reads,Germany,Homo sapiens,Blood,NA,NA
1173,1318,0.000181379,ERR3014536,NA,Raw reads,Germany,Homo sapiens,Blood,NA,NA
453,1065,0.0006043431,ERR3014538,NA,Raw reads,Germany,Homo sapiens,Blood,NA,NA
1037,61,0.0005086439,ERR3014537,NA,Raw reads,Germany,Homo sapiens,Blood,NA,NA
842,675,0.0012379612,Internal-446,NA,NA,NA,NA,NA,NA,NA
675,526,0.0058050844,Internal-447,NA,NA,NA,NA,NA,NA,NA
526,476,0.0003175874,ERR5194370,NA,Raw reads,NA,0,0,NA,NA
526,443,0.0001256051,ERR5194369,NA,Raw reads,NA,0,0,NA,NA
675,1339,0.0023493632,Internal-448,NA,NA,NA,NA,NA,NA,NA
1339,1331,0.0089653653,Internal-449,NA,NA,NA,NA,NA,NA,NA
1331,253,0.000642056,ERR1279034,NA,Raw reads,NA,Homo sapiens,blood,1/1/2015,2015
1331,241,0.0005255327,ERR1279030,NA,Raw reads,NA,Homo sapiens,blood,1/1/2015,2015
1339,734,0.0044613381,Internal-450,NA,NA,NA,NA,NA,NA,NA
734,1375,0.0001373928,ERR5194368,NA,Raw reads,NA,0,0,NA,NA
734,1123,0.0003232254,ERR5194367,NA,Raw reads,NA,0,0,NA,NA
284,346,0.0015181105,Internal-451,NA,NA,NA,NA,NA,NA,NA
346,50,0.0015206544,Internal-452,NA,NA,NA,NA,NA,NA,NA
50,178,0.0016639962,Internal-453,NA,NA,NA,NA,NA,NA,NA
178,1,0.0018052182,Internal-454,NA,NA,NA,NA,NA,NA,NA
1,252,0.0059841874,Internal-455,NA,NA,NA,NA,NA,NA,NA
252,153,0.0001344594,Internal-456,NA,NA,NA,NA,NA,NA,NA
153,751,0.0001177707,s0017,NA,Reference,Germany,Homo sapiens,animal tissues,5/18/2015,2015
153,519,9.24952e-05,ERR3014556,NA,Raw reads,Germany,Homo sapiens,Bronchoalveolar lavage,NA,NA
252,95,0.0002339172,Internal-457,NA,NA,NA,NA,NA,NA,NA
95,255,6.57104e-05,ERR3014555,NA,Raw reads,Germany,Homo sapiens,Plasma,NA,NA
95,55,8.07069e-05,ERR3014554,NA,Raw reads,Germany,Homo sapiens,Biopsy,NA,NA
1,446,0.0083900358,ERR3014437,NA,Raw reads,Czech Republic,Homo sapiens,Urine,NA,NA
178,1121,0.0014993408,Internal-458,NA,NA,NA,NA,NA,NA,NA
1121,540,0.002060838,Internal-459,NA,NA,NA,NA,NA,NA,NA
540,1142,0.0092883327,Internal-460,NA,NA,NA,NA,NA,NA,NA
1142,564,5.19552e-05,Internal-461,NA,NA,NA,NA,NA,NA,NA
564,1298,8.91346e-05,ERR4288713,NA,Raw reads,Germany,Homo sapiens,plasma,NA,NA
564,843,0.0002658251,Internal-462,NA,NA,NA,NA,NA,NA,NA
843,1056,0.0001681879,ERR3014635,NA,Raw reads,Germany,Homo sapiens,Blood,NA,NA
843,1140,0.0004231344,ERR3014634,NA,Raw reads,Germany,Homo sapiens,Blood,NA,NA
1142,38,4.86897e-05,ERR4288714,NA,Raw reads,Germany,Homo sapiens,plasma,NA,NA
540,541,0.004783913,Internal-463,NA,NA,NA,NA,NA,NA,NA
541,1102,0.0001970885,ERR5194360,NA,Raw reads,NA,0,0,NA,NA
541,946,0.0004930635,ERR5194359,NA,Raw reads,NA,0,0,NA,NA
1121,343,0.0077156771,Internal-464,NA,NA,NA,NA,NA,NA,NA
343,543,0.0011651544,ERR4288705,NA,Raw reads,Germany,Homo sapiens,plasma,NA,NA
343,136,0.0004086327,ERR4288706,NA,Raw reads,Germany,Homo sapiens,plasma,NA,NA
50,1172,0.002457731,Internal-465,NA,NA,NA,NA,NA,NA,NA
1172,94,0.0045948669,Internal-466,NA,NA,NA,NA,NA,NA,NA
94,628,0.0007528806,Internal-467,NA,NA,NA,NA,NA,NA,NA
628,1197,0.0002611365,s0015,NA,Reference,Czech Republic,NA,amniotic fluid,10/8/2015,2015
628,503,0.0002446835,ERR3014517,NA,Raw reads,Czech Republic,Homo sapiens,Amniotic fluid,NA,NA
94,674,0.0015531637,ERR3014516,NA,Raw reads,Czech Republic,Homo sapiens,Cord blood,NA,NA
1172,385,0.0081373073,Internal-468,NA,NA,NA,NA,NA,NA,NA
385,207,0.0015611232,ERR4288726,NA,Raw reads,Germany,Homo sapiens,plasma,NA,NA
385,598,0.0010866205,ERR4288725,NA,Raw reads,Germany,Homo sapiens,plasma,NA,NA
346,609,0.0016382889,Internal-469,NA,NA,NA,NA,NA,NA,NA
609,1208,0.0028162005,Internal-470,NA,NA,NA,NA,NA,NA,NA
1208,1327,0.004624214,Internal-471,NA,NA,NA,NA,NA,NA,NA
1327,470,0.0051085235,Internal-472,NA,NA,NA,NA,NA,NA,NA
470,981,0.0006319925,ERR3014589,NA,Raw reads,Germany,Homo sapiens,Plasma,NA,NA
470,1229,0.0001010885,ERR3014610,NA,Raw reads,Germany,Homo sapiens,Bronchoalveolar lavage,NA,NA
1327,1092,0.0005314232,ERR3014626,NA,Raw reads,Germany,Homo sapiens,Blood,NA,NA
1208,735,0.0055970532,Internal-473,NA,NA,NA,NA,NA,NA,NA
735,1175,0.000389917,ERR1279038,NA,Raw reads,NA,Homo sapiens,blood,1/1/2015,2015
735,1182,0.000876188,ERR1279039,NA,Raw reads,NA,Homo sapiens,blood,1/1/2015,2015
609,406,0.0029036616,Internal-474,NA,NA,NA,NA,NA,NA,NA
406,473,0.0085666067,Internal-475,NA,NA,NA,NA,NA,NA,NA
473,325,0.0004771921,ERR3014520,NA,Raw reads,Czech Republic,Homo sapiens,Urine,NA,NA
473,1332,0.0009082395,ERR3014519,NA,Raw reads,Czech Republic,Homo sapiens,Urine,NA,NA
406,1072,0.0063253277,Internal-476,NA,NA,NA,NA,NA,NA,NA
1072,818,0.0020866323,ERR3014563,NA,Raw reads,Germany,Homo sapiens,Blood,NA,NA
1072,647,0.0009056479,ERR3014562,NA,Raw reads,Germany,Homo sapiens,Blood,NA,NA
730,624,0.0017670472,Internal-477,NA,NA,NA,NA,NA,NA,NA
624,555,0.0038870847,Internal-478,NA,NA,NA,NA,NA,NA,NA
555,388,0.0066287425,Internal-479,NA,NA,NA,NA,NA,NA,NA
388,1015,0.0059326314,ERR3014688,NA,Raw reads,Germany,Homo sapiens,Blood,NA,NA
388,1391,0.0005068517,ERR3014687,NA,Raw reads,Germany,Homo sapiens,Blood,NA,NA
555,1262,0.0072491129,ERR3014686,NA,Raw reads,Germany,Homo sapiens,Blood,NA,NA
624,976,0.0016221769,Internal-480,NA,NA,NA,NA,NA,NA,NA
976,53,0.0075897816,ERR1279056,NA,Raw reads,NA,Homo sapiens,blood,1/1/2015,2015
976,778,0.0132537825,ERR3014700,NA,Raw reads,Italy,Homo sapiens,Plasma,NA,NA
1113,776,0.0013511014,Internal-481,NA,NA,NA,NA,NA,NA,NA
776,726,0.0028045173,Internal-482,NA,NA,NA,NA,NA,NA,NA
726,100,0.0032526086,Internal-483,NA,NA,NA,NA,NA,NA,NA
100,1100,0.0168941889,ERR3014547,NA,Raw reads,Germany,Homo sapiens,Blood,NA,NA
100,441,0.0075357104,ERR3014691,NA,Raw reads,Germany,Homo sapiens,Blood,NA,NA
726,134,0.0047466962,Internal-484,NA,NA,NA,NA,NA,NA,NA
134,1203,0.0052324756,Internal-485,NA,NA,NA,NA,NA,NA,NA
1203,832,0.0006690325,ERR4288723,NA,Raw reads,Germany,Homo sapiens,plasma,NA,NA
1203,267,0.0046374679,ERR4288724,NA,Raw reads,Germany,Homo sapiens,plasma,NA,NA
134,1254,0.0040271494,Internal-486,NA,NA,NA,NA,NA,NA,NA
1254,1023,0.0013747725,Internal-487,NA,NA,NA,NA,NA,NA,NA
1023,323,0.0007088627,ERR3014558,NA,Raw reads,Germany,Homo sapiens,Blood,NA,NA
1023,795,0.0021332846,ERR3014559,NA,Raw reads,Germany,Homo sapiens,Blood,NA,NA
1254,180,0.0013140264,ERR3014557,NA,Raw reads,Germany,Homo sapiens,Vitreous body fluid,NA,NA
776,668,0.0013722554,Internal-488,NA,NA,NA,NA,NA,NA,NA
668,1215,0.0016435977,Internal-489,NA,NA,NA,NA,NA,NA,NA
1215,468,0.0072796761,ERR4153856,NA,Raw reads,NA,Homo sapiens,plasma,1/24/2019,2019
1215,434,0.0081446857,ERR3013925,NA,Raw reads,Italy,Homo sapiens,Amniotic fluid,NA,NA
668,1213,0.0022940531,Internal-490,NA,NA,NA,NA,NA,NA,NA
1213,1232,0.0032792388,ERR6043496,NA,Raw reads,NA,Homo sapiens,blood,NA,NA
1213,257,0.0047141097,Internal-491,NA,NA,NA,NA,NA,NA,NA
257,72,0.002663407,ERR3014420,NA,Raw reads,Israel,Homo sapiens,Amniotic fluid,NA,NA
257,551,0.0040710856,Internal-492,NA,NA,NA,NA,NA,NA,NA
551,743,5.52121e-05,ERR3014436,NA,Raw reads,Czech Republic,Homo sapiens,Urine,NA,NA
551,4,0.0002402091,ERR2882354,NA,Raw reads,United Kingdom,Homo sapiens,Urine,NA,NA
35,709,0.002931596,Internal-493,NA,NA,NA,NA,NA,NA,NA
709,608,0.0025621437,Internal-494,NA,NA,NA,NA,NA,NA,NA
608,102,0.0076373662,Internal-495,NA,NA,NA,NA,NA,NA,NA
102,1040,0.0005649537,Internal-496,NA,NA,NA,NA,NA,NA,NA
1040,1088,0.0001392819,Internal-497,NA,NA,NA,NA,NA,NA,NA
1088,122,9.13108e-05,Internal-498,NA,NA,NA,NA,NA,NA,NA
122,1028,0.0003753883,s0002,NA,Reference,United Kingdom,NA,blood,5/26/2017,2017
122,746,9.62962e-05,Internal-499,NA,NA,NA,NA,NA,NA,NA
746,445,0.0001576394,ERR3908136,NA,Raw reads,NA,Homo sapiens,plasma,NA,NA
746,436,0.0002417916,ERR3908134,NA,Raw reads,NA,Homo sapiens,plasma,NA,NA
1088,1055,0.0004873719,ERR3908135,NA,Raw reads,NA,Homo sapiens,plasma,NA,NA
1040,467,0.0001180911,ERR3908132,NA,Raw reads,NA,Homo sapiens,plasma,NA,NA
102,1343,0.0010099544,ERR3908133,NA,Raw reads,NA,Homo sapiens,plasma,NA,NA
608,683,0.0025595177,Internal-500,NA,NA,NA,NA,NA,NA,NA
683,806,0.0016750446,Internal-501,NA,NA,NA,NA,NA,NA,NA
806,1165,0.0011835788,Internal-502,NA,NA,NA,NA,NA,NA,NA
1165,1071,0.0030110448,Internal-503,NA,NA,NA,NA,NA,NA,NA
1071,1045,0.0075002511,Internal-504,NA,NA,NA,NA,NA,NA,NA
1045,811,0.0074886532,ERR6041584,NA,Raw reads,NA,Homo sapiens,brochoalveolar lavage,NA,NA
1045,1159,0.0024784625,ERR6041589,NA,Raw reads,NA,Homo sapiens,Plasma,NA,NA
1071,1012,0.0027768716,Internal-505,NA,NA,NA,NA,NA,NA,NA
1012,1399,0.0037757157,ERR6041349,NA,Raw reads,NA,Homo sapiens,Plasma,NA,NA
1012,142,0.0033306674,ERR6041348,NA,Raw reads,NA,Homo sapiens,brochoalveolar lavage,NA,NA
1165,226,0.0030807176,Internal-506,NA,NA,NA,NA,NA,NA,NA
226,599,0.0094526712,Internal-507,NA,NA,NA,NA,NA,NA,NA
599,737,0.0005611523,ERR1279031,NA,Raw reads,NA,Homo sapiens,blood,1/1/2015,2015
599,1136,0.0003189991,ERR1279032,NA,Raw reads,NA,Homo sapiens,blood,1/1/2015,2015
226,794,0.0035675278,Internal-508,NA,NA,NA,NA,NA,NA,NA
794,596,0.0087226011,ERR3163277,NA,Raw reads,United Kingdom,Homo sapiens,Milk,NA,NA
794,1237,0.0073907528,ERR6041352,NA,Raw reads,NA,Homo sapiens,brochoalveolar lavage,NA,NA
806,963,0.0068645123,Internal-509,NA,NA,NA,NA,NA,NA,NA
963,793,0.0044131414,Internal-510,NA,NA,NA,NA,NA,NA,NA
793,715,0.002301156,SRR11053575,NA,Raw reads,NA,Homo sapiens,0,NA,NA
793,1408,0.0016559684,SRR11053573,NA,Raw reads,NA,Homo sapiens,0,NA,NA
963,846,0.0014797136,SRR11053576,NA,Raw reads,NA,Homo sapiens,0,NA,NA
683,107,0.0027307277,Internal-511,NA,NA,NA,NA,NA,NA,NA
107,891,0.0064213273,SRR9067738,NA,Raw reads,NA,Homo sapiens,new born child urine,2014,2014
107,279,0.0072723684,ERR3163182,NA,Raw reads,United Kingdom,Homo sapiens,Milk,NA,NA
709,663,0.0020948681,Internal-512,NA,NA,NA,NA,NA,NA,NA
663,1340,0.0029527662,Internal-513,NA,NA,NA,NA,NA,NA,NA
1340,1243,0.0020092639,Internal-514,NA,NA,NA,NA,NA,NA,NA
1243,849,0.0016688036,Internal-515,NA,NA,NA,NA,NA,NA,NA
849,858,0.0016594496,Internal-516,NA,NA,NA,NA,NA,NA,NA
858,1098,0.0005621771,Internal-517,NA,NA,NA,NA,NA,NA,NA
1098,230,0.0002034553,Internal-518,NA,NA,NA,NA,NA,NA,NA
230,185,0.0003405146,Internal-519,NA,NA,NA,NA,NA,NA,NA
185,1328,0.0001294133,Internal-520,NA,NA,NA,NA,NA,NA,NA
1328,205,0.0002525819,Internal-521,NA,NA,NA,NA,NA,NA,NA
205,961,0.0004800921,Internal-522,NA,NA,NA,NA,NA,NA,NA
961,59,0.000698514,ERR3908152,NA,Raw reads,NA,Homo sapiens,plasma,NA,NA
961,1396,0.0012752568,ERR3908154,NA,Raw reads,NA,Homo sapiens,plasma,NA,NA
205,1383,0.000901578,ERR6043628,NA,Raw reads,NA,Homo sapiens,brochoalveolar lavage,NA,NA
1328,1160,0.0002308249,ERR3908157,NA,Raw reads,NA,Homo sapiens,plasma,NA,NA
185,1409,5.82079e-05,Internal-523,NA,NA,NA,NA,NA,NA,NA
1409,449,2.3041e-06,Internal-524,NA,NA,NA,NA,NA,NA,NA
449,575,6.38316e-05,ERR3908153,NA,Raw reads,NA,Homo sapiens,plasma,NA,NA
449,629,0.0006330084,Internal-525,NA,NA,NA,NA,NA,NA,NA
629,162,0.0067319891,ERR3908156,NA,Raw reads,NA,Homo sapiens,plasma,NA,NA
629,1124,0.0002311688,ERR3908155,NA,Raw reads,NA,Homo sapiens,plasma,NA,NA
1409,1021,0.0001770359,Internal-526,NA,NA,NA,NA,NA,NA,NA
1021,708,3.58262e-05,ERR3908158,NA,Raw reads,NA,Homo sapiens,plasma,NA,NA
1021,1295,0.0003022124,SRR15047135,NA,Raw reads,NA,Homo sapiens,Cell culture,NA,NA
230,1073,0.000255246,ERR3908159,NA,Raw reads,NA,Homo sapiens,plasma,NA,NA
1098,222,0.0017075403,SRR15047131,NA,Raw reads,NA,Homo sapiens,Cell culture,NA,NA
858,155,0.0040409495,ERR3908160,NA,Raw reads,NA,Homo sapiens,plasma,NA,NA
849,189,0.0053273692,ERR3908176,NA,Raw reads,NA,Homo sapiens,blood,NA,NA
1243,34,0.0092660535,Internal-527,NA,NA,NA,NA,NA,NA,NA
34,181,2.7954e-06,ERR4288711,NA,Raw reads,Germany,Homo sapiens,plasma,NA,NA
34,1120,8.96807e-05,ERR4288710,NA,Raw reads,Germany,Homo sapiens,plasma,NA,NA
1340,1349,0.002373321,Internal-528,NA,NA,NA,NA,NA,NA,NA
1349,851,0.0030557615,Internal-529,NA,NA,NA,NA,NA,NA,NA
851,159,0.0103429146,ERR3014636,NA,Raw reads,Germany,Homo sapiens,Blood,NA,NA
851,1245,0.0037753653,SRR13399506,NA,Raw reads,NA,Homo sapiens,saliva,2016,2016
1349,114,0.0025631319,Internal-530,NA,NA,NA,NA,NA,NA,NA
114,1360,0.0013310986,Internal-531,NA,NA,NA,NA,NA,NA,NA
1360,527,4.88233e-05,ERR3014569,NA,Raw reads,Germany,Homo sapiens,Blood,NA,NA
1360,431,0.0001003778,ERR3014567,NA,Raw reads,Germany,Homo sapiens,Blood,NA,NA
114,249,0.0013831582,Internal-532,NA,NA,NA,NA,NA,NA,NA
249,380,0.0065194199,Internal-533,NA,NA,NA,NA,NA,NA,NA
380,460,0.0003476001,ERR3014566,NA,Raw reads,Germany,Homo sapiens,Blood,NA,NA
380,187,0.000121184,Internal-534,NA,NA,NA,NA,NA,NA,NA
187,760,1.6419e-05,ERR3014565,NA,Raw reads,Germany,Homo sapiens,Biopsy,NA,NA
187,583,9.68795e-05,ERR3014564,NA,Raw reads,Germany,Homo sapiens,Blood,NA,NA
249,1226,0.0004846485,Internal-535,NA,NA,NA,NA,NA,NA,NA
1226,825,0.0009493626,Internal-536,NA,NA,NA,NA,NA,NA,NA
825,1393,0.0003175421,Internal-537,NA,NA,NA,NA,NA,NA,NA
1393,1238,0.0003609851,ERR3014515,NA,Raw reads,Czech Republic,Homo sapiens,Urine,NA,NA
1393,306,0.0004703913,ERR3014440,NA,Raw reads,Czech Republic,Homo sapiens,Urine,NA,NA
825,430,9.25128e-05,ERR3014441,NA,Raw reads,Czech Republic,Homo sapiens,Urine,NA,NA
1226,662,0.000925996,Internal-538,NA,NA,NA,NA,NA,NA,NA
662,635,6.48259e-05,ERR3014553,NA,Raw reads,Germany,Homo sapiens,Blood,NA,NA
662,927,1.65271e-05,Internal-539,NA,NA,NA,NA,NA,NA,NA
927,867,0.0004868201,ERR3014552,NA,Raw reads,Germany,Homo sapiens,Blood,NA,NA
927,1119,9.91794e-05,ERR3014551,NA,Raw reads,Germany,Homo sapiens,Plasma,NA,NA
663,744,0.0025421271,Internal-540,NA,NA,NA,NA,NA,NA,NA
744,262,0.0061553273,Internal-541,NA,NA,NA,NA,NA,NA,NA
262,761,0.0071035163,ERR6043631,NA,Raw reads,NA,Homo sapiens,Plasma,NA,NA
262,878,0.0057681201,ERR6043630,NA,Raw reads,NA,Homo sapiens,brochoalveolar lavage,NA,NA
744,198,0.0079499825,ERR3014438,NA,Raw reads,Czech Republic,Homo sapiens,Urine,NA,NA
386,593,0.0019085969,Internal-542,NA,NA,NA,NA,NA,NA,NA
593,1326,0.0018119545,Internal-543,NA,NA,NA,NA,NA,NA,NA
1326,879,0.0016367701,Internal-544,NA,NA,NA,NA,NA,NA,NA
879,651,0.0048082239,Internal-545,NA,NA,NA,NA,NA,NA,NA
651,281,0.0023783766,Internal-546,NA,NA,NA,NA,NA,NA,NA
281,1320,0.0020537011,Internal-547,NA,NA,NA,NA,NA,NA,NA
1320,147,0.0018461128,Internal-548,NA,NA,NA,NA,NA,NA,NA
147,36,0.0020785249,Internal-549,NA,NA,NA,NA,NA,NA,NA
36,1306,0.0016608016,Internal-550,NA,NA,NA,NA,NA,NA,NA
1306,982,0.0036756328,Internal-551,NA,NA,NA,NA,NA,NA,NA
982,505,0.003885688,Internal-552,NA,NA,NA,NA,NA,NA,NA
505,429,0.0044545081,SRR10583123,NA,Raw reads,NA,Homo sapiens,blood,2018,2018
505,1382,0.0004405006,ERR3163252,NA,Raw reads,United Kingdom,Homo sapiens,Milk,NA,NA
982,658,0.0228224905,ERR2023908,NA,Raw reads,NA,0,0,NA,NA
1306,994,0.0094274283,Internal-553,NA,NA,NA,NA,NA,NA,NA
994,819,0.0018368676,Internal-554,NA,NA,NA,NA,NA,NA,NA
819,115,0.0003583606,ERR3908169,NA,Raw reads,NA,Homo sapiens,blood,NA,NA
819,1269,0.0004282561,ERR3908170,NA,Raw reads,NA,Homo sapiens,blood,NA,NA
994,1006,0.0068056176,ERR3908172,NA,Raw reads,NA,Homo sapiens,blood,NA,NA
36,47,0.0071623268,ERR3163177,NA,Raw reads,United Kingdom,Homo sapiens,Milk,NA,NA
147,720,0.0075616729,ERR6041288,NA,Raw reads,NA,Homo sapiens,Plasma,NA,NA
1320,944,0.0035228355,Internal-555,NA,NA,NA,NA,NA,NA,NA
944,559,0.0047926728,SRR11053594,NA,Raw reads,NA,Homo sapiens,0,NA,NA
944,480,0.0026977131,SRR11053593,NA,Raw reads,NA,Homo sapiens,0,NA,NA
281,566,0.0050225321,Internal-556,NA,NA,NA,NA,NA,NA,NA
566,1214,0.0044241501,ERR6041351,NA,Raw reads,NA,Homo sapiens,Plasma,NA,NA
566,890,0.0040823065,ERR6041350,NA,Raw reads,NA,Homo sapiens,brochoalveolar lavage,NA,NA
651,264,0.0010941828,Internal-557,NA,NA,NA,NA,NA,NA,NA
264,237,0.0083645822,ERR3163259,NA,Raw reads,United Kingdom,Homo sapiens,Milk,NA,NA
264,456,0.0070921628,SRR11053586,NA,Raw reads,NA,Homo sapiens,0,NA,NA
879,315,0.0012732563,Internal-558,NA,NA,NA,NA,NA,NA,NA
315,632,0.0016571808,Internal-559,NA,NA,NA,NA,NA,NA,NA
632,1013,0.004005266,Internal-560,NA,NA,NA,NA,NA,NA,NA
1013,165,0.0023413749,Internal-561,NA,NA,NA,NA,NA,NA,NA
165,1068,0.0008958772,Internal-562,NA,NA,NA,NA,NA,NA,NA
1068,254,0.0006836252,Internal-563,NA,NA,NA,NA,NA,NA,NA
254,46,2.6292e-06,SRR10583119,NA,Raw reads,NA,Homo sapiens,blood,2018,2018
254,415,0.0023656071,Internal-564,NA,NA,NA,NA,NA,NA,NA
415,940,1e-06,SRR10583121,NA,Raw reads,NA,Homo sapiens,blood,2018,2018
415,229,2.9496e-06,SRR10583118,NA,Raw reads,NA,Homo sapiens,blood,2018,2018
1068,753,0.0007149156,SRR10583122,NA,Raw reads,NA,Homo sapiens,blood,2018,2018
165,1025,0.0016220314,ERR6041449,NA,Raw reads,NA,Homo sapiens,Plasma,NA,NA
1013,245,0.0043816636,ERR6041354,NA,Raw reads,NA,Homo sapiens,brochoalveolar lavage,NA,NA
632,853,0.0012609525,Internal-565,NA,NA,NA,NA,NA,NA,NA
853,952,0.0036473489,Internal-566,NA,NA,NA,NA,NA,NA,NA
952,300,0.0052295726,Internal-567,NA,NA,NA,NA,NA,NA,NA
300,1090,0.0103242531,Internal-568,NA,NA,NA,NA,NA,NA,NA
1090,603,0.0001905167,Internal-569,NA,NA,NA,NA,NA,NA,NA
603,448,0.000200396,s0007,NA,Reference,South Africa,Homo sapiens,NA,NA,NA
603,528,0.0004921339,ERR6041582,NA,Raw reads,NA,Homo sapiens,Plasma,NA,NA
1090,1134,0.0003807479,ERR6041581,NA,Raw reads,NA,Homo sapiens,brochoalveolar lavage,NA,NA
300,738,0.0079184926,ERR3163179,NA,Raw reads,United Kingdom,Homo sapiens,Milk,NA,NA
952,1350,0.0102251109,ERR3163180,NA,Raw reads,United Kingdom,Homo sapiens,Milk,NA,NA
853,1321,0.002151851,Internal-570,NA,NA,NA,NA,NA,NA,NA
1321,585,0.008325376,ERR3163330,NA,Raw reads,United Kingdom,Homo sapiens,Milk,NA,NA
1321,954,0.006274187,ERR3163231,NA,Raw reads,United Kingdom,Homo sapiens,Milk,NA,NA
315,294,0.0038958377,Internal-571,NA,NA,NA,NA,NA,NA,NA
294,335,0.0021382612,ERR3163257,NA,Raw reads,United Kingdom,Homo sapiens,Milk,NA,NA
294,1003,0.0013730946,ERR3163254,NA,Raw reads,United Kingdom,Homo sapiens,Milk,NA,NA
1326,145,0.0030352689,Internal-572,NA,NA,NA,NA,NA,NA,NA
145,531,0.0031291811,Internal-573,NA,NA,NA,NA,NA,NA,NA
531,197,0.001188798,Internal-574,NA,NA,NA,NA,NA,NA,NA
197,754,0.0075430225,SRR11053567,NA,Raw reads,NA,Homo sapiens,0,NA,NA
197,1184,0.000671074,SRR11053585,NA,Raw reads,NA,Homo sapiens,0,NA,NA
531,900,0.0018949106,Internal-575,NA,NA,NA,NA,NA,NA,NA
900,248,0.000218678,SRR11053574,NA,Raw reads,NA,Homo sapiens,0,NA,NA
900,291,0.0034886945,Internal-576,NA,NA,NA,NA,NA,NA,NA
291,766,0.0001923696,SRR11053570,NA,Raw reads,NA,Homo sapiens,0,NA,NA
291,234,0.0003313576,Internal-577,NA,NA,NA,NA,NA,NA,NA
234,275,0.0016586932,SRR11053608,NA,Raw reads,NA,Homo sapiens,0,NA,NA
234,967,0.0006694834,SRR11053596,NA,Raw reads,NA,Homo sapiens,0,NA,NA
145,926,0.0105784655,ERR3163258,NA,Raw reads,United Kingdom,Homo sapiens,Milk,NA,NA
593,495,0.0079573122,Internal-578,NA,NA,NA,NA,NA,NA,NA
495,1314,0.0026776305,Internal-579,NA,NA,NA,NA,NA,NA,NA
1314,1309,0.0007407848,Internal-580,NA,NA,NA,NA,NA,NA,NA
1309,137,0.0017846265,Internal-581,NA,NA,NA,NA,NA,NA,NA
137,627,0.0003419087,Internal-582,NA,NA,NA,NA,NA,NA,NA
627,1342,0.0008462617,Internal-583,NA,NA,NA,NA,NA,NA,NA
1342,19,0.0001104133,ERR3014630,NA,Raw reads,Germany,Homo sapiens,Plasma,NA,NA
1342,130,0.0005779173,ERR3014631,NA,Raw reads,Germany,Homo sapiens,Plasma,NA,NA
627,1239,0.0045020375,ERR3014629,NA,Raw reads,Germany,Homo sapiens,Blood,NA,NA
137,321,0.0004810253,ERR3014627,NA,Raw reads,Germany,Homo sapiens,Blood,NA,NA
1309,614,0.0008600564,ERR3014632,NA,Raw reads,Germany,Homo sapiens,Plasma,NA,NA
1314,869,0.001288533,ERR3014633,NA,Raw reads,Germany,Homo sapiens,Plasma,NA,NA
495,280,0.0043101462,ERR3014628,NA,Raw reads,Germany,Homo sapiens,Blood,NA,NA
1085,383,0.0041060816,Internal-584,NA,NA,NA,NA,NA,NA,NA
383,223,0.0051875233,ERR3014548,NA,Raw reads,Germany,Homo sapiens,Blood,NA,NA
383,553,0.0025347252,Internal-585,NA,NA,NA,NA,NA,NA,NA
553,276,0.0022445385,ERR3014549,NA,Raw reads,Germany,Homo sapiens,Blood,NA,NA
553,1297,0.0086524221,ERR3014550,NA,Raw reads,Germany,Homo sapiens,Blood,NA,NA
1292,24,0.001536331,Internal-586,NA,NA,NA,NA,NA,NA,NA
24,444,0.0019095921,Internal-587,NA,NA,NA,NA,NA,NA,NA
444,534,0.0010948134,Internal-588,NA,NA,NA,NA,NA,NA,NA
534,594,0.00096249,Internal-589,NA,NA,NA,NA,NA,NA,NA
594,865,0.0011261546,Internal-590,NA,NA,NA,NA,NA,NA,NA
865,1152,0.0016767206,Internal-591,NA,NA,NA,NA,NA,NA,NA
1152,328,0.0021875364,Internal-592,NA,NA,NA,NA,NA,NA,NA
328,148,0.0020010218,Internal-593,NA,NA,NA,NA,NA,NA,NA
148,979,0.0004264204,Internal-594,NA,NA,NA,NA,NA,NA,NA
979,263,0.0101079192,ERR2023918,NA,Raw reads,NA,0,0,NA,NA
979,548,0.0001877843,Internal-595,NA,NA,NA,NA,NA,NA,NA
548,529,0.0005065081,Internal-596,NA,NA,NA,NA,NA,NA,NA
529,1366,0.0003349433,Internal-597,NA,NA,NA,NA,NA,NA,NA
1366,109,1.82062e-05,Internal-598,NA,NA,NA,NA,NA,NA,NA
109,413,0.0004317518,Internal-599,NA,NA,NA,NA,NA,NA,NA
413,1151,0.000207208,s0009,NA,Reference,Belgium,Homo sapiens,NA,2018,2018
413,287,2.3912e-06,Internal-600,NA,NA,NA,NA,NA,NA,NA
287,610,2.68128e-05,Internal-601,NA,NA,NA,NA,NA,NA,NA
610,313,0.0007145172,Internal-602,NA,NA,NA,NA,NA,NA,NA
313,1032,0.0063780518,ERR2023951,NA,Raw reads,NA,0,0,NA,NA
313,1315,0.0018340184,ERR2023975,NA,Raw reads,NA,0,0,NA,NA
610,173,0.0019767554,ERR2023963,NA,Raw reads,NA,0,0,NA,NA
287,634,0.0011899217,ERR2023979,NA,Raw reads,NA,0,0,NA,NA
109,349,0.002129946,ERR2023965,NA,Raw reads,NA,0,0,NA,NA
1366,368,2.08188e-05,Internal-603,NA,NA,NA,NA,NA,NA,NA
368,338,0.0004501805,ERR2023959,NA,Raw reads,NA,0,0,NA,NA
368,1099,0.0001068274,Internal-604,NA,NA,NA,NA,NA,NA,NA
1099,988,0.0009682035,Internal-605,NA,NA,NA,NA,NA,NA,NA
988,195,0.0005195107,SRR13587451,NA,Raw reads,NA,NA,NA,NA,NA
988,1234,0.0014752405,SRR15047130,NA,Raw reads,NA,Homo sapiens,Cell culture,NA,NA
1099,1296,0.0002451031,Internal-606,NA,NA,NA,NA,NA,NA,NA
1296,915,0.0003401969,SRR15047134,NA,Raw reads,NA,Homo sapiens,Cell culture,NA,NA
1296,1218,9.30913e-05,Internal-607,NA,NA,NA,NA,NA,NA,NA
1218,493,3.74446e-05,Internal-608,NA,NA,NA,NA,NA,NA,NA
493,1248,0.0001982515,Internal-609,NA,NA,NA,NA,NA,NA,NA
1248,938,0.0002847114,ERR2023967,NA,Raw reads,NA,0,0,NA,NA
1248,475,1.58381e-05,ERR2023973,NA,Raw reads,NA,0,0,NA,NA
493,920,2.0464e-06,ERR2282551,NA,Raw reads,NA,0,0,NA,NA
1218,167,4.73666e-05,Internal-610,NA,NA,NA,NA,NA,NA,NA
167,971,5.32765e-05,ERR2282606,NA,Raw reads,NA,0,0,NA,NA
167,889,0.0001224167,Internal-611,NA,NA,NA,NA,NA,NA,NA
889,311,0.0005525418,Internal-612,NA,NA,NA,NA,NA,NA,NA
311,739,0.0004371765,SRR13587453,NA,Raw reads,NA,NA,NA,NA,NA
311,538,0.0037265255,ERR10905092,NA,Raw reads,NA,0,0,4/1/2020,2020
889,146,8.19053e-05,ERR3276895,NA,Raw reads,NA,Homo sapiens,0,NA,NA
529,1081,0.0027274389,ERR2023977,NA,Raw reads,NA,0,0,NA,NA
548,562,0.0044110456,ERR2023961,NA,Raw reads,NA,0,0,NA,NA
148,296,0.0046543439,ERR2023992,NA,Raw reads,NA,0,0,NA,NA
328,200,0.0056667381,ERR2023955,NA,Raw reads,NA,0,0,NA,NA
1152,616,0.0011989203,Internal-613,NA,NA,NA,NA,NA,NA,NA
616,2,0.008028479,ERR2023957,NA,Raw reads,NA,0,0,NA,NA
616,261,0.0023872223,Internal-614,NA,NA,NA,NA,NA,NA,NA
261,1101,0.0067709939,ERR2023994,NA,Raw reads,NA,0,0,NA,NA
261,942,0.0066164786,ERR2023969,NA,Raw reads,NA,0,0,NA,NA
865,848,0.0011514208,Internal-615,NA,NA,NA,NA,NA,NA,NA
848,1048,0.0055086498,Internal-616,NA,NA,NA,NA,NA,NA,NA
1048,211,0.0066716691,ERR2023953,NA,Raw reads,NA,0,0,NA,NA
1048,405,0.0045221015,ERR2023949,NA,Raw reads,NA,0,0,NA,NA
848,289,0.0072643461,ERR2023939,NA,Raw reads,NA,0,0,NA,NA
594,568,0.0050183867,Internal-617,NA,NA,NA,NA,NA,NA,NA
568,452,0.0018887115,Internal-618,NA,NA,NA,NA,NA,NA,NA
452,789,0.0022004217,ERR2023991,NA,Raw reads,NA,0,0,NA,NA
452,89,0.0015556586,Internal-619,NA,NA,NA,NA,NA,NA,NA
89,1264,0.0016125781,ERR2023981,NA,Raw reads,NA,0,0,NA,NA
89,536,0.0044683171,ERR2023989,NA,Raw reads,NA,0,0,NA,NA
568,472,0.0043940359,ERR2023985,NA,Raw reads,NA,0,0,NA,NA
534,336,0.0022089144,Internal-620,NA,NA,NA,NA,NA,NA,NA
336,1236,0.0098066354,Internal-621,NA,NA,NA,NA,NA,NA,NA
1236,923,0.0017693554,ERR2023987,NA,Raw reads,NA,0,0,NA,NA
1236,857,0.0003890148,ERR2023983,NA,Raw reads,NA,0,0,NA,NA
336,945,0.008666479,ERR4288696,NA,Raw reads,Germany,Homo sapiens,plasma,NA,NA
444,196,0.0046500993,Internal-622,NA,NA,NA,NA,NA,NA,NA
196,667,0.0423319331,ERR3908171,NA,Raw reads,NA,Homo sapiens,blood,NA,NA
196,902,0.0032302524,Internal-623,NA,NA,NA,NA,NA,NA,NA
902,1059,0.0009838183,ERR3908182,NA,Raw reads,NA,Homo sapiens,blood,NA,NA
902,1244,0.0007664142,Internal-624,NA,NA,NA,NA,NA,NA,NA
1244,163,0.0001463725,ERR3908183,NA,Raw reads,NA,Homo sapiens,blood,NA,NA
1244,798,0.0003075951,Internal-625,NA,NA,NA,NA,NA,NA,NA
798,1282,5.45548e-05,Internal-626,NA,NA,NA,NA,NA,NA,NA
1282,375,0.0002430056,Internal-627,NA,NA,NA,NA,NA,NA,NA
375,1283,0.0004973202,ERR3908184,NA,Raw reads,NA,Homo sapiens,blood,NA,NA
375,602,4.54325e-05,Internal-628,NA,NA,NA,NA,NA,NA,NA
602,1258,0.0003704544,ERR3908185,NA,Raw reads,NA,Homo sapiens,blood,NA,NA
602,993,0.0020611762,ERR3908187,NA,Raw reads,NA,Homo sapiens,blood,NA,NA
1282,1022,0.0002887671,ERR3908186,NA,Raw reads,NA,Homo sapiens,blood,NA,NA
798,1304,0.0029448365,ERR3908188,NA,Raw reads,NA,Homo sapiens,blood,NA,NA
24,39,0.0015383524,Internal-629,NA,NA,NA,NA,NA,NA,NA
39,916,0.0034504288,Internal-630,NA,NA,NA,NA,NA,NA,NA
916,622,0.0036926228,Internal-631,NA,NA,NA,NA,NA,NA,NA
622,1049,0.0041914611,Internal-632,NA,NA,NA,NA,NA,NA,NA
1049,850,5.23925e-05,Internal-633,NA,NA,NA,NA,NA,NA,NA
850,741,9.19455e-05,ERR3014534,NA,Raw reads,Germany,Homo sapiens,Blood,NA,NA
850,1220,0.0009994293,ERR3014533,NA,Raw reads,Germany,Homo sapiens,Trachaeal secretion,NA,NA
1049,1371,5.40579e-05,ERR3014535,NA,Raw reads,Germany,Homo sapiens,Blood,NA,NA
622,1128,0.0018325284,ERR4288704,NA,Raw reads,Germany,Homo sapiens,plasma,NA,NA
916,1324,0.0064362595,ERR3014434,NA,Raw reads,Israel,Homo sapiens,Amniotic fluid,NA,NA
39,1066,0.0101930954,ERR6043625,NA,Raw reads,NA,Homo sapiens,Plasma,NA,NA
1273,644,0.0009676709,Internal-634,NA,NA,NA,NA,NA,NA,NA
644,995,0.0010677902,Internal-635,NA,NA,NA,NA,NA,NA,NA
995,110,0.0065504935,Internal-636,NA,NA,NA,NA,NA,NA,NA
110,314,0.0005226769,ERR3014543,NA,Raw reads,Germany,Homo sapiens,Blood,NA,NA
110,1357,0.0002261801,Internal-637,NA,NA,NA,NA,NA,NA,NA
1357,246,0.0002370562,ERR3014542,NA,Raw reads,Germany,Homo sapiens,Blood,NA,NA
1357,51,0.0002515066,ERR3014541,NA,Raw reads,Germany,Homo sapiens,Blood,NA,NA
995,507,0.0053528397,Internal-638,NA,NA,NA,NA,NA,NA,NA
507,461,0.0010729297,Internal-639,NA,NA,NA,NA,NA,NA,NA
461,684,0.0009503205,Internal-640,NA,NA,NA,NA,NA,NA,NA
684,484,0.0029168655,ERR6043621,NA,Raw reads,NA,Homo sapiens,brochoalveolar lavage,NA,NA
684,1376,0.0010941104,ERR6043622,NA,Raw reads,NA,Homo sapiens,Plasma,NA,NA
461,949,0.0013301668,ERR6043623,NA,Raw reads,NA,Homo sapiens,Plasma,NA,NA
507,298,0.0024596345,ERR6043619,NA,Raw reads,NA,Homo sapiens,brochoalveolar lavage,NA,NA
644,1031,0.0031287024,Internal-641,NA,NA,NA,NA,NA,NA,NA
1031,544,0.004876024,Internal-642,NA,NA,NA,NA,NA,NA,NA
544,217,0.0092622782,ERR3014524,NA,Raw reads,Germany,Homo sapiens,Blood,NA,NA
544,1106,0.0015620557,Internal-643,NA,NA,NA,NA,NA,NA,NA
1106,390,0.0002630604,Internal-644,NA,NA,NA,NA,NA,NA,NA
390,81,0.0002889118,Internal-645,NA,NA,NA,NA,NA,NA,NA
81,1404,0.0003380437,ERR3014525,NA,Raw reads,Germany,Homo sapiens,Milk,NA,NA
81,786,0.0001635437,ERR3014523,NA,Raw reads,Germany,Homo sapiens,Urine,NA,NA
390,1378,0.0002184996,ERR3014522,NA,Raw reads,Germany,Homo sapiens,Urine,NA,NA
1106,1004,0.0001335403,ERR3014521,NA,Raw reads,Germany,Homo sapiens,Blood,NA,NA
1031,271,0.0082602155,ERR3014439,NA,Raw reads,Czech Republic,Homo sapiens,Urine,NA,NA
357,1211,0.0009930874,Internal-646,NA,NA,NA,NA,NA,NA,NA
1211,1076,0.0022713834,Internal-647,NA,NA,NA,NA,NA,NA,NA
1076,477,0.0013219679,Internal-648,NA,NA,NA,NA,NA,NA,NA
477,98,0.0016012386,Internal-649,NA,NA,NA,NA,NA,NA,NA
98,1207,0.0088002887,s0028,NA,Reference,USA,Homo sapiens,blood,6/24/2016,2016
98,186,0.0023983859,Internal-650,NA,NA,NA,NA,NA,NA,NA
186,220,0.0059409811,Internal-651,NA,NA,NA,NA,NA,NA,NA
220,1162,0.0005833801,s0020,NA,Reference,Czech Republic,NA,NA,NA,NA
220,392,0.0006348658,ERR6043501,NA,Raw reads,NA,Homo sapiens,endotracheal,NA,NA
186,27,0.0043326448,Internal-652,NA,NA,NA,NA,NA,NA,NA
27,312,0.0075616836,Internal-653,NA,NA,NA,NA,NA,NA,NA
312,450,0.0009636181,ERR6041346,NA,Raw reads,NA,Homo sapiens,Plasma,NA,NA
312,233,0.0053995183,ERR6041303,NA,Raw reads,NA,Homo sapiens,brochoalveolar lavage,NA,NA
27,79,0.0089047697,Internal-654,NA,NA,NA,NA,NA,NA,NA
79,1084,0.0001540147,Internal-655,NA,NA,NA,NA,NA,NA,NA
1084,8,0.0002321557,ERR1279041,NA,Raw reads,NA,Homo sapiens,blood,1/1/2015,2015
1084,1139,0.0002281303,ERR1279040,NA,Raw reads,NA,Homo sapiens,blood,1/1/2015,2015
79,324,0.0002516951,ERR1279042,NA,Raw reads,NA,Homo sapiens,blood,1/1/2015,2015
477,542,0.0040189277,Internal-656,NA,NA,NA,NA,NA,NA,NA
542,363,0.0020683702,Internal-657,NA,NA,NA,NA,NA,NA,NA
363,1400,0.002074228,Internal-658,NA,NA,NA,NA,NA,NA,NA
1400,1053,0.0015048802,Internal-659,NA,NA,NA,NA,NA,NA,NA
1053,836,0.0017623379,Internal-660,NA,NA,NA,NA,NA,NA,NA
836,286,0.0001989897,Internal-661,NA,NA,NA,NA,NA,NA,NA
286,968,0.0006876446,Internal-662,NA,NA,NA,NA,NA,NA,NA
968,1231,5.86908e-05,Internal-663,NA,NA,NA,NA,NA,NA,NA
1231,980,0.0001174233,Internal-664,NA,NA,NA,NA,NA,NA,NA
980,790,5.78982e-05,Internal-665,NA,NA,NA,NA,NA,NA,NA
790,1047,0.0001653055,Internal-666,NA,NA,NA,NA,NA,NA,NA
1047,856,0.000194122,Internal-667,NA,NA,NA,NA,NA,NA,NA
856,728,0.0002886988,ERR7039843,NA,Raw reads,NA,Homo sapiens,Urine,NA,NA
856,860,0.0002059562,ERR7025502,NA,Raw reads,NA,Homo sapiens,Saliva,NA,NA
1047,465,0.0003867649,ERR7039891,NA,Raw reads,NA,Homo sapiens,Urine,NA,NA
790,11,0.0005469619,ERR7039833,NA,Raw reads,NA,Homo sapiens,Urine,NA,NA
980,1334,7.31964e-05,Internal-668,NA,NA,NA,NA,NA,NA,NA
1334,1219,0.000118531,ERR7039872,NA,Raw reads,NA,Homo sapiens,Urine,NA,NA
1334,546,3.2745e-05,Internal-669,NA,NA,NA,NA,NA,NA,NA
546,1364,0.0001672609,ERR7039827,NA,Raw reads,NA,Homo sapiens,Urine,NA,NA
546,835,0.0001764023,ERR7028786,NA,Raw reads,NA,Homo sapiens,Saliva,NA,NA
1231,14,0.0003802167,ERR7026826,NA,Raw reads,NA,Homo sapiens,Saliva,NA,NA
968,320,1e-06,ERR7024258,NA,Raw reads,NA,Homo sapiens,Saliva,NA,NA
286,732,0.0005671453,ERR7018441,NA,Raw reads,NA,Homo sapiens,Blood,NA,NA
836,612,0.0003391403,Internal-670,NA,NA,NA,NA,NA,NA,NA
612,29,0.0005277881,ERR7029111,NA,Raw reads,NA,Homo sapiens,Saliva,NA,NA
612,639,0.0004300507,Internal-671,NA,NA,NA,NA,NA,NA,NA
639,1308,0.0039995249,ERR7039855,NA,Raw reads,NA,Homo sapiens,Urine,NA,NA
639,16,0.0002706199,ERR7022909,NA,Raw reads,NA,Homo sapiens,Saliva,NA,NA
1053,213,0.0119562217,ERR7018443,NA,Raw reads,NA,Homo sapiens,Blood,NA,NA
1400,5,0.0036777558,Internal-672,NA,NA,NA,NA,NA,NA,NA
5,970,0.001341721,Internal-673,NA,NA,NA,NA,NA,NA,NA
970,595,0.0029942453,Internal-674,NA,NA,NA,NA,NA,NA,NA
595,310,0.0043140233,ERR4288716,NA,Raw reads,Germany,Homo sapiens,plasma,NA,NA
595,20,0.0024973029,Internal-675,NA,NA,NA,NA,NA,NA,NA
20,590,0.0030696054,ERR3014638,NA,Raw reads,Germany,Homo sapiens,Blood,NA,NA
20,774,0.0050507325,ERR3014637,NA,Raw reads,Germany,Homo sapiens,Blood,NA,NA
970,482,0.0017329344,ERR3014435,NA,Raw reads,Israel,Homo sapiens,Amniotic fluid,NA,NA
5,514,0.0201386862,ERR3908173,NA,Raw reads,NA,Homo sapiens,blood,NA,NA
363,411,0.0048821119,ERR3014425,NA,Raw reads,Israel,Homo sapiens,Amniotic fluid,NA,NA
542,1310,0.0042567455,ERR3014423,NA,Raw reads,Israel,Homo sapiens,Amniotic fluid,NA,NA
1076,381,0.0014420703,Internal-676,NA,NA,NA,NA,NA,NA,NA
381,1135,0.0067701307,ERR011942,NA,Raw reads,NA,0,0,NA,NA
381,630,0.0055480632,ERR4288697,NA,Raw reads,Germany,Homo sapiens,plasma,NA,NA
1211,1087,0.0018569892,Internal-677,NA,NA,NA,NA,NA,NA,NA
1087,80,0.0074993731,Internal-678,NA,NA,NA,NA,NA,NA,NA
80,862,5.61232e-05,ERR4288719,NA,Raw reads,Germany,Homo sapiens,plasma,NA,NA
80,1155,0.0002362053,ERR4288720,NA,Raw reads,Germany,Homo sapiens,plasma,NA,NA
1087,455,0.005566402,Internal-679,NA,NA,NA,NA,NA,NA,NA
455,1138,0.0002230862,Internal-680,NA,NA,NA,NA,NA,NA,NA
1138,360,0.0001915884,Internal-681,NA,NA,NA,NA,NA,NA,NA
360,1303,0.0009015484,ERR3014694,NA,Raw reads,Italy,Homo sapiens,Plasma,NA,NA
360,154,0.0002557463,ERR3014693,NA,Raw reads,Italy,Homo sapiens,Plasma,NA,NA
1138,1247,0.0003896898,ERR3014695,NA,Raw reads,Italy,Homo sapiens,Plasma,NA,NA
455,640,0.0016939009,ERR3014692,NA,Raw reads,Italy,Homo sapiens,Plasma,NA,NA
1386,1129,0.0050883278,Internal-682,NA,NA,NA,NA,NA,NA,NA
1129,40,0.0043501677,Internal-683,NA,NA,NA,NA,NA,NA,NA
40,1057,0.0001383596,s0013,NA,Reference,United Kingdom,NA,urine,2020,2020
40,1354,0.0001373098,Internal-684,NA,NA,NA,NA,NA,NA,NA
1354,1194,0.0004495509,SRR23882359,NA,Raw reads,NA,Homo sapiens,urine,2020,2020
1354,807,0.0016998094,SRR23882357,NA,Raw reads,NA,Homo sapiens,urine,2020,2020
1129,1154,0.0038332905,SRR9067737,NA,Raw reads,NA,Homo sapiens,new born child urine,2013,2013
378,666,0.0035950291,Internal-685,NA,NA,NA,NA,NA,NA,NA
666,556,0.0050803316,Internal-686,NA,NA,NA,NA,NA,NA,NA
556,997,0.0008048224,s0018,NA,Reference,Israel,Homo sapiens,amniotic fluid,9/12/2012,2012
556,854,0.0004329595,ERR3014432,NA,Raw reads,Israel,Homo sapiens,Amniotic fluid,NA,NA
666,1186,0.0089716862,Internal-687,NA,NA,NA,NA,NA,NA,NA
1186,591,0.0004522649,ERR3014689,NA,Raw reads,Germany,Homo sapiens,Blood,NA,NA
1186,67,0.0003027074,ERR3014690,NA,Raw reads,Germany,Homo sapiens,Blood,NA,NA
397,177,0.0030173823,ERR6043616,NA,Raw reads,NA,Homo sapiens,Plasma,NA,NA
143,184,0.0008157567,Internal-688,NA,NA,NA,NA,NA,NA,NA
184,463,0.0003962814,Internal-689,NA,NA,NA,NA,NA,NA,NA
463,1224,0.0687270666,Internal-690,NA,NA,NA,NA,NA,NA,NA
1224,649,1.0120915786,s0001,NA,NA,NA,NA,NA,NA,NA
1224,681,0.1033194155,Internal-691,NA,NA,NA,NA,NA,NA,NA
681,577,0.1261566229,Internal-692,NA,NA,NA,NA,NA,NA,NA
577,1407,0.0996837941,Internal-693,NA,NA,NA,NA,NA,NA,NA
1407,646,0.0064492373,Internal-694,NA,NA,NA,NA,NA,NA,NA
646,939,0.0024304843,Internal-695,NA,NA,NA,NA,NA,NA,NA
939,188,0.0246813863,s0022,NA,NA,NA,NA,NA,NA,NA
939,872,0.0022961395,Internal-696,NA,NA,NA,NA,NA,NA,NA
872,401,0.0001144467,Internal-697,NA,NA,NA,NA,NA,NA,NA
401,1141,2.91092e-05,Internal-698,NA,NA,NA,NA,NA,NA,NA
1141,874,0.0001865511,Internal-699,NA,NA,NA,NA,NA,NA,NA
874,172,2.0881e-06,Internal-700,NA,NA,NA,NA,NA,NA,NA
172,908,4.58419e-05,Internal-701,NA,NA,NA,NA,NA,NA,NA
908,985,2.2903e-05,SRR12546126,NA,Raw reads,NA,Homo sapiens,culture,2019,2019
908,1370,1e-06,SRR12546125,NA,Raw reads,NA,Homo sapiens,culture,2019,2019
172,62,1e-06,Internal-702,NA,NA,NA,NA,NA,NA,NA
62,332,1e-06,SRR13332047,NA,Raw reads,NA,Macaca mulatta,culture,2019,2019
62,329,1e-06,SRR13332048,NA,Raw reads,NA,Macaca mulatta,culture,2019,2019
874,1358,2.25898e-05,Internal-703,NA,NA,NA,NA,NA,NA,NA
1358,736,2.7946e-06,SRR13332049,NA,Raw reads,NA,Macaca mulatta,culture,2019,2019
1358,231,2.18532e-05,Internal-704,NA,NA,NA,NA,NA,NA,NA
231,1110,2.2909e-06,SRR12546128,NA,Raw reads,NA,Homo sapiens,culture,2019,2019
231,66,6.73834e-05,SRR12546127,NA,Raw reads,NA,Macaca mulatta,culture,2019,2019
1141,1279,0.000163465,SRR13333579,NA,Raw reads,NA,Macaca mulatta,culture,2019,2019
401,7,2.3378e-06,SRR16693878,NA,Raw reads,NA,Macaca mulatta,Urine from a rhesus macaque,1968,1968
872,1181,4.75242e-05,SRR16693877,NA,Raw reads,NA,Macaca mulatta,Urine from a rhesus macaque,1968,1968
646,563,0.0001509992,s0025,NA,Reference,USA,Macaca mulatta,NA,NA,NA
1407,44,9.45525e-05,SRR16693876,NA,Raw reads,NA,Macaca mulatta,Lungs and gastrointestinal tract of a SIV-infected rhesus macaque that died of AIDS,2006,2006
577,174,0.0503820074,ERR6043629,NA,Raw reads,NA,Homo sapiens,Plasma,NA,NA
681,800,0.0003400326,ERR6043811,NA,Raw reads,NA,Homo sapiens,brochoalveolar lavage,NA,NA
463,510,0.0003229105,ERR6043506,NA,Raw reads,NA,Homo sapiens,brochoalveolar lavage,NA,NA
184,1188,0.0007032233,ERR2023943,NA,Raw reads,NA,0,0,NA,NA
